[{"model": "ambulances.status", "pk": 1, "fields": {"name": "In Service"}}, {"model": "ambulances.status", "pk": 2, "fields": {"name": "Available"}}, {"model": "ambulances.status", "pk": 3, "fields": {"name": "Out of service"}}, {"model": "ambulances.capability", "pk": 1, "fields": {"name": "cap_1"}}, {"model": "ambulances.capability", "pk": 2, "fields": {"name": "cap_2"}}, {"model": "ambulances.capability", "pk": 3, "fields": {"name": "cap_3"}}, {"model": "ambulances.capability", "pk": 4, "fields": {"name": "cap_4"}}, {"model": "ambulances.capability", "pk": 5, "fields": {"name": "cap_5"}}, {"model": "ambulances.ambulances", "pk": 3, "fields": {"license_plate": "1", "name": "One", "status": 1, "orientation": 1.0, "priority": "High", "capability": 1}}, {"model": "ambulances.ambulances", "pk": 4, "fields": {"license_plate": "2", "name": "Two", "status": 2, "orientation": 2.0, "priority": "High", "capability": 2}}, {"model": "ambulances.ambulances", "pk": 5, "fields": {"license_plate": "3", "name": "Three", "status": 1, "orientation": 3.0, "priority": "Low", "capability": 3}}, {"model": "ambulances.ambulances", "pk": 6, "fields": {"license_plate": "4", "name": "Four", "status": 2, "orientation": 4.0, "priority": "High", "capability": 4}}, {"model": "ambulances.ambulances", "pk": 7, "fields": {"license_plate": "hello", "name": "Five", "status": 2, "orientation": -1.0, "priority": "High", "capability": 5}}, {"model": "ambulances.ambulances", "pk": 8, "fields": {"license_plate": "6", "name": "Six", "status": 3, "orientation": -3.0, "priority": "Low", "capability": 1}}, {"model": "ambulances.ambulances", "pk": 9, "fields": {"license_plate": "7", "name": "Seven", "status": 3, "orientation": 3.0, "priority": "High", "capability": 2}}, {"model": "ambulances.ambulances", "pk": 10, "fields": {"license_plate": "8", "name": "Eight", "status": 3, "orientation": -3.0, "priority": "High", "capability": 3}}, {"model": "ambulances.call", "pk": 1, "fields": {"active": true, "status": "On the way", "ambulance": 4, "name": "Joe", "residential_unit": "3", "stmain_number": "4", "delegation": "5", "zipcode": "22500", "city": "Tijuana", "state": "Baja California", "location": "SRID=4326;POINT (-117.0382 32.51489999999998)", "assignment": "None", "description": "None", "call_time": "2017-05-24T23:19:00Z", "departure_time": null, "transfer_time": null, "hospital_time": null, "base_time": null, "priority": "A"}}, {"model": "ambulances.call", "pk": 2, "fields": {"active": true, "status": "Transporting", "ambulance": 5, "name": "Call2", "residential_unit": "None", "stmain_number": "Tijuana River National Estuarine Research Reserve, San Diego County, CA, United States", "delegation": "None", "zipcode": "22500", "city": "Tijuana", "state": "Baja California", "location": "SRID=4326;POINT (-117.0382 32.51489999999998)", "assignment": "None", "description": "injury test", "call_time": "2017-05-24T23:21:01Z", "departure_time": null, "transfer_time": null, "hospital_time": null, "base_time": null, "priority": "A"}}, {"model": "ambulances.call", "pk": 3, "fields": {"active": false, "status": "", "ambulance": 6, "name": "Call3", "residential_unit": "None", "stmain_number": "Tijuana River, Imperial Beach, CA, United States", "delegation": "None", "zipcode": "22500", "city": "Tijuana", "state": "Baja California", "location": "SRID=4326;POINT (-117.0382 32.51489999999998)", "assignment": "None", "description": "TEST", "call_time": "2017-05-24T23:41:04Z", "departure_time": null, "transfer_time": null, "hospital_time": null, "base_time": null, "priority": "C"}}, {"model": "ambulances.region", "pk": 1, "fields": {"name": "Region_1", "center": "SRID=4326;POINT (0.06278114324190373 0.03701381426788061)"}}, {"model": "ambulances.region", "pk": 2, "fields": {"name": "Region_2", "center": "SRID=4326;POINT (-0.1226879281048728 0.05811322531475857)"}}, {"model": "ambulances.hospital", "pk": 1, "fields": {"name": "general", "address": "123"}}, {"model": "ambulances.hospital", "pk": 2, "fields": {"name": "test", "address": "1234"}}, {"model": "ambulances.hospital", "pk": 3, "fields": {"name": "private", "address": "12345"}}, {"model": "ambulances.equipment", "pk": 1, "fields": {"name": "xray", "toggleable": true}}, {"model": "ambulances.equipment", "pk": 2, "fields": {"name": "bed", "toggleable": true}}, {"model": "ambulances.equipment", "pk": 3, "fields": {"name": "mri", "toggleable": true}}, {"model": "ambulances.equipment", "pk": 4, "fields": {"name": "syringe", "toggleable": true}}, {"model": "ambulances.equipmentcount", "pk": 1, "fields": {"hospital": 1, "equipment": 1, "quantity": 55}}, {"model": "ambulances.equipmentcount", "pk": 2, "fields": {"hospital": 3, "equipment": 2, "quantity": 2}}, {"model": "ambulances.equipmentcount", "pk": 3, "fields": {"hospital": 2, "equipment": 3, "quantity": 7}}, {"model": "ambulances.equipmentcount", "pk": 4, "fields": {"hospital": 1, "equipment": 4, "quantity": 1000}}, {"model": "ambulances.locationpoint", "pk": 11, "fields": {"location": "SRID=4326;POINT (-117.0382 32.51489999999998)", "ambulance": 3, "call": null, "user": 1, "timestamp": "2017-05-25T00:10:00Z", "type": "Default Type"}}, {"model": "ambulances.locationpoint", "pk": 12, "fields": {"location": "SRID=4326;POINT (-117.1010280639648 32.46769789452282)", "ambulance": 4, "call": null, "user": 1, "timestamp": "2017-05-25T00:14:00Z", "type": "Default Type"}}, {"model": "ambulances.locationpoint", "pk": 13, "fields": {"location": "SRID=4326;POINT (-117.0373416931153 32.41293562638221)", "ambulance": 5, "call": null, "user": 1, "timestamp": "2017-05-25T00:14:00Z", "type": "Default Type"}}, {"model": "ambulances.locationpoint", "pk": 14, "fields": {"location": "SRID=4326;POINT (-116.8630035838786 32.45723758195383)", "ambulance": 6, "call": null, "user": 1, "timestamp": "2017-05-25T00:14:00Z", "type": "Default Type"}}, {"model": "ambulances.locationpoint", "pk": 15, "fields": {"location": "SRID=4326;POINT (-116.9332724941048 32.58406063923691)", "ambulance": 7, "call": null, "user": 1, "timestamp": "2017-05-25T00:15:00Z", "type": "Default Type"}}, {"model": "ambulances.locationpoint", "pk": 16, "fields": {"location": "SRID=4326;POINT (-117.1102977783203 32.46161484112572)", "ambulance": 8, "call": null, "user": 1, "timestamp": "2017-05-25T00:15:00Z", "type": "Default Type"}}, {"model": "ambulances.locationpoint", "pk": 17, "fields": {"location": "SRID=4326;POINT (-117.1013713867188 32.58898335076484)", "ambulance": 9, "call": null, "user": 1, "timestamp": "2017-05-25T00:15:00Z", "type": "Default Type"}}, {"model": "ambulances.locationpoint", "pk": 18, "fields": {"location": "SRID=4326;POINT (-117.0382 32.51489999999998)", "ambulance": 10, "call": null, "user": 1, "timestamp": "2017-05-25T00:15:00Z", "type": "Default Type"}}]