[{"model": "ambulances.status", "pk": 1, "fields": {"name": "In Service"}}, {"model": "ambulances.status", "pk": 2, "fields": {"name": "Available"}}, {"model": "ambulances.status", "pk": 3, "fields": {"name": "Out of service"}}, {"model": "ambulances.capability", "pk": 1, "fields": {"name": "cap_1"}}, {"model": "ambulances.capability", "pk": 2, "fields": {"name": "cap_2"}}, {"model": "ambulances.capability", "pk": 3, "fields": {"name": "cap_3"}}, {"model": "ambulances.capability", "pk": 4, "fields": {"name": "cap_4"}}, {"model": "ambulances.capability", "pk": 5, "fields": {"name": "cap_5"}}, {"model": "ambulances.ambulances", "pk": 1, "fields": {"license_plate": "AAA-111", "name": "Amb1", "status": 2, "orientation": 0.0, "priority": "High", "capability": 1}}, {"model": "ambulances.ambulances", "pk": 2, "fields": {"license_plate": "AAB-122", "name": "Amb2", "status": 1, "orientation": 200.0, "priority": "High", "capability": 2}}, {"model": "ambulances.ambulances", "pk": 3, "fields": {"license_plate": "ABC-145", "name": "Amb3", "status": 1, "orientation": 30.0, "priority": "High", "capability": 1}}, {"model": "ambulances.ambulances", "pk": 4, "fields": {"license_plate": "ABE-145", "name": "Amb4", "status": 3, "orientation": 0.0, "priority": "High", "capability": 3}}, {"model": "ambulances.ambulances", "pk": 5, "fields": {"license_plate": "ACF-156", "name": "Amb5", "status": 1, "orientation": 80.0, "priority": "Low", "capability": 4}}, {"model": "ambulances.ambulances", "pk": 6, "fields": {"license_plate": "AEG-189", "name": "Amb6", "status": 3, "orientation": 30.0, "priority": "High", "capability": 2}}, {"model": "ambulances.ambulances", "pk": 7, "fields": {"license_plate": "ABC-111", "name": "Amb7", "status": 2, "orientation": 300.0, "priority": "High", "capability": 1}}, {"model": "ambulances.ambulances", "pk": 8, "fields": {"license_plate": "AHC-472", "name": "Amb8", "status": 1, "orientation": 90.0, "priority": "High", "capability": 5}}, {"model": "ambulances.ambulances", "pk": 9, "fields": {"license_plate": "ABU-192", "name": "Amb9", "status": 1, "orientation": 0.0, "priority": "High", "capability": 1}}, {"model": "ambulances.call", "pk": 9, "fields": {"active": true, "status": "On route", "ambulance": 1, "name": "Call1", "residential_unit": "Res Unit1", "stmain_number": "Stmain Num1", "delegation": "Delegation1", "zipcode": "22500", "city": "Tijuana", "state": "Baja California", "location": "SRID=4326;POINT (-117.0364833862305 32.49839655826629)", "assignment": "Assign1", "description": "Desc1", "call_time": "2017-06-06T00:34:03Z", "departure_time": null, "transfer_time": null, "hospital_time": null, "base_time": null, "priority": "A"}}, {"model": "ambulances.call", "pk": 10, "fields": {"active": true, "status": "At hospital", "ambulance": 2, "name": "Call2", "residential_unit": "Res Unit2", "stmain_number": "Stmain Num2", "delegation": "Delegation2", "zipcode": "22500", "city": "Tijuana", "state": "Baja California", "location": "SRID=4326;POINT (-117.0697856933594 32.50042345987916)", "assignment": "Assign2", "description": "Desc2", "call_time": "2017-06-06T00:34:57Z", "departure_time": null, "transfer_time": null, "hospital_time": null, "base_time": null, "priority": "A"}}, {"model": "ambulances.call", "pk": 11, "fields": {"active": true, "status": "Going", "ambulance": 3, "name": "Call3", "residential_unit": "Res Unit3", "stmain_number": "Stmain Num3", "delegation": "None", "zipcode": "22500", "city": "Tijuana", "state": "Baja California", "location": "SRID=4326;POINT (-117.0941616088867 32.51200487845166)", "assignment": "None", "description": "None", "call_time": "2017-06-06T00:35:35Z", "departure_time": null, "transfer_time": null, "hospital_time": null, "base_time": null, "priority": "B"}}, {"model": "ambulances.call", "pk": 12, "fields": {"active": false, "status": "Finished", "ambulance": 1, "name": "Call4", "residential_unit": "Res Unit4", "stmain_number": "Stmain Num4", "delegation": "None", "zipcode": "22500", "city": "Tijuana", "state": "Baja California", "location": "SRID=4326;POINT (-117.0484996826172 32.503608498692)", "assignment": "Assign4", "description": "None", "call_time": "2017-06-06T00:36:16Z", "departure_time": null, "transfer_time": null, "hospital_time": null, "base_time": null, "priority": "A"}}, {"model": "ambulances.call", "pk": 13, "fields": {"active": true, "status": "Heading to Patient", "ambulance": 5, "name": "Call5", "residential_unit": "Res Unit5", "stmain_number": "Stmain Num5", "delegation": "Delegation5", "zipcode": "22500", "city": "Tijuana", "state": "Baja California", "location": "SRID=4326;POINT (-117.0653224975586 32.51953200052228)", "assignment": "None", "description": "None", "call_time": "2017-06-06T00:36:45Z", "departure_time": null, "transfer_time": null, "hospital_time": null, "base_time": null, "priority": "C"}}, {"model": "ambulances.region", "pk": 1, "fields": {"name": "Region_1", "center": "SRID=4326;POINT (0.06278114324190373 0.03701381426788061)"}}, {"model": "ambulances.region", "pk": 2, "fields": {"name": "Region_2", "center": "SRID=4326;POINT (-0.1226879281048728 0.05811322531475857)"}}, {"model": "ambulances.hospital", "pk": 1, "fields": {"name": "general", "address": "123"}}, {"model": "ambulances.hospital", "pk": 2, "fields": {"name": "test", "address": "1234"}}, {"model": "ambulances.hospital", "pk": 3, "fields": {"name": "private", "address": "12345"}}, {"model": "ambulances.equipment", "pk": 1, "fields": {"name": "xray", "toggleable": true}}, {"model": "ambulances.equipment", "pk": 2, "fields": {"name": "bed", "toggleable": true}}, {"model": "ambulances.equipment", "pk": 3, "fields": {"name": "mri", "toggleable": true}}, {"model": "ambulances.equipment", "pk": 4, "fields": {"name": "syringe", "toggleable": true}}, {"model": "ambulances.equipmentcount", "pk": 1, "fields": {"hospital": 1, "equipment": 1, "quantity": 55}}, {"model": "ambulances.equipmentcount", "pk": 2, "fields": {"hospital": 3, "equipment": 2, "quantity": 2}}, {"model": "ambulances.equipmentcount", "pk": 3, "fields": {"hospital": 2, "equipment": 3, "quantity": 7}}, {"model": "ambulances.equipmentcount", "pk": 4, "fields": {"hospital": 1, "equipment": 4, "quantity": 1000}}, {"model": "ambulances.user", "pk": 2, "fields": {"password": "pbkdf2_sha256$36000$dsPluiUVPcBX$RSgBuyOgeDsuJd6sS5M1FIFPGpjqzTY7PIdAKEB+37o=", "last_login": null, "is_superuser": false, "username": "testuser1", "first_name": "testuser1", "last_name": "", "email": "testuser1@g.com", "is_staff": false, "is_active": true, "date_joined": "2017-10-24T02:44:44Z", "hospital": null, "ambulance": null, "groups": [], "user_permissions": [], "hospitals": [2], "ambulances": [1, 2]}}, {"model": "ambulances.user", "pk": 3, "fields": {"password": "pbkdf2_sha256$36000$OUuWPNZXANc9$mLyBnZT3iwOfgTb4MdCD7JdpKFw2i5t6Qk4hinCCWv8=", "last_login": null, "is_superuser": false, "username": "testuser2", "first_name": "testuser2", "last_name": "", "email": "testuser2@g.com", "is_staff": false, "is_active": true, "date_joined": "2017-10-24T02:46:56Z", "hospital": null, "ambulance": null, "groups": [], "user_permissions": [], "hospitals": [2], "ambulances": [3, 4]}}, {"model": "ambulances.user", "pk": 4, "fields": {"password": "pbkdf2_sha256$36000$7mP0LcugSr5D$XbFpkKs9ftnas28P7RG12y41OdGFRiq9LvdJu6QoJLc=", "last_login": null, "is_superuser": false, "username": "testuser3", "first_name": "testuser3", "last_name": "", "email": "testuser3@g.com", "is_staff": false, "is_active": true, "date_joined": "2017-10-24T02:47:42Z", "hospital": null, "ambulance": null, "groups": [], "user_permissions": [], "hospitals": [2], "ambulances": [5, 6]}}, {"model": "ambulances.user", "pk": 5, "fields": {"password": "pbkdf2_sha256$36000$lJa3JyZlPXom$ClXdkU4JwoRuKbeQDu63zvRzIHY0PhB7M6sfA8eIl6o=", "last_login": null, "is_superuser": false, "username": "testuser4", "first_name": "testuser4", "last_name": "", "email": "testuser4@g.com", "is_staff": false, "is_active": true, "date_joined": "2017-10-24T02:49:30Z", "hospital": null, "ambulance": null, "groups": [], "user_permissions": [], "hospitals": [2], "ambulances": [7, 8]}}, {"model": "ambulances.user", "pk": 6, "fields": {"password": "pbkdf2_sha256$36000$HCfZMdrTFrkk$6oOo93VNwkO9krhNIYphuijvun0ktR1clIc5FSroo1E=", "last_login": null, "is_superuser": false, "username": "testuser5", "first_name": "testuser5", "last_name": "", "email": "testuser5@g.com", "is_staff": false, "is_active": true, "date_joined": "2017-10-24T02:50:34Z", "hospital": null, "ambulance": null, "groups": [], "user_permissions": [], "hospitals": [2], "ambulances": [9]}}, {"model": "ambulances.user", "pk": 7, "fields": {"password": "pbkdf2_sha256$36000$c0Jt5QP6zRic$QJp15Ehp36ZfruDHvFlBwQNWTSK/GtoOq9H30RYnxMc=", "last_login": null, "is_superuser": true, "username": "admin", "first_name": "", "last_name": "", "email": "admin@gmail.com", "is_staff": true, "is_active": true, "date_joined": "2017-10-24T02:54:19.585Z", "hospital": null, "ambulance": null, "groups": [], "user_permissions": [], "hospitals": [], "ambulances": []}}]