[{"model": "ambulances.status", "pk": 1, "fields": {"name": "In Service"}}, {"model": "ambulances.status", "pk": 2, "fields": {"name": "Available"}}, {"model": "ambulances.status", "pk": 3, "fields": {"name": "Out of service"}}, {"model": "ambulances.capability", "pk": 1, "fields": {"name": "cap_1"}}, {"model": "ambulances.capability", "pk": 2, "fields": {"name": "cap_2"}}, {"model": "ambulances.capability", "pk": 3, "fields": {"name": "cap_3"}}, {"model": "ambulances.capability", "pk": 4, "fields": {"name": "cap_4"}}, {"model": "ambulances.capability", "pk": 5, "fields": {"name": "cap_5"}}, {"model": "ambulances.ambulances", "pk": 10, "fields": {"license_plate": "BC-183", "name": "BC-183", "status": 2, "orientation": 0.0, "priority": "High", "capability": null}}, {"model": "ambulances.ambulances", "pk": 11, "fields": {"license_plate": "BC-160", "name": "BC-160", "status": 1, "orientation": 0.0, "priority": "High", "capability": null}}, {"model": "ambulances.ambulances", "pk": 12, "fields": {"license_plate": "BC-179", "name": "BC-179", "status": 1, "orientation": 0.0, "priority": "High", "capability": null}}, {"model": "ambulances.ambulances", "pk": 13, "fields": {"license_plate": "BC-166", "name": "BC-166", "status": 1, "orientation": 0.0, "priority": "High", "capability": null}}, {"model": "ambulances.ambulances", "pk": 14, "fields": {"license_plate": "BC-175", "name": "BC-175", "status": 1, "orientation": 0.0, "priority": "High", "capability": null}}, {"model": "ambulances.ambulances", "pk": 15, "fields": {"license_plate": "BC-168", "name": "BC-168", "status": 1, "orientation": 0.0, "priority": "High", "capability": null}}, {"model": "ambulances.ambulances", "pk": 16, "fields": {"license_plate": "BC-172", "name": "BC-172", "status": 1, "orientation": 0.0, "priority": "High", "capability": null}}, {"model": "ambulances.ambulances", "pk": 17, "fields": {"license_plate": "BC-178", "name": "BC-178", "status": 1, "orientation": 0.0, "priority": "High", "capability": null}}, {"model": "ambulances.ambulances", "pk": 18, "fields": {"license_plate": "BC-174", "name": "BC-174", "status": 1, "orientation": 0.0, "priority": "High", "capability": null}}, {"model": "ambulances.ambulances", "pk": 19, "fields": {"license_plate": "BC-167", "name": "BC-167", "status": 1, "orientation": 0.0, "priority": "High", "capability": null}}, {"model": "ambulances.ambulances", "pk": 20, "fields": {"license_plate": "BC-027", "name": "BC-027", "status": 1, "orientation": 0.0, "priority": "High", "capability": null}}, {"model": "ambulances.ambulances", "pk": 21, "fields": {"license_plate": "BC-182", "name": "BC-182", "status": 1, "orientation": 0.0, "priority": "High", "capability": null}}, {"model": "ambulances.ambulances", "pk": 22, "fields": {"license_plate": "BC-177", "name": "BC-177", "status": 1, "orientation": 0.0, "priority": "High", "capability": null}}, {"model": "ambulances.ambulances", "pk": 23, "fields": {"license_plate": "BC-180", "name": "BC-180", "status": 1, "orientation": 0.0, "priority": "High", "capability": null}}, {"model": "ambulances.ambulances", "pk": 24, "fields": {"license_plate": "BC-169", "name": "BC-169", "status": 1, "orientation": 0.0, "priority": "High", "capability": null}}, {"model": "ambulances.ambulances", "pk": 25, "fields": {"license_plate": "BC-170", "name": "BC-170", "status": 1, "orientation": 0.0, "priority": "High", "capability": null}}, {"model": "ambulances.ambulances", "pk": 26, "fields": {"license_plate": "BC-171", "name": "BC-171", "status": 1, "orientation": 0.0, "priority": "High", "capability": null}}, {"model": "ambulances.ambulances", "pk": 27, "fields": {"license_plate": "BC-165", "name": "BC-165", "status": 1, "orientation": 0.0, "priority": "High", "capability": null}}, {"model": "ambulances.ambulances", "pk": 28, "fields": {"license_plate": "BC-184", "name": "BC-184", "status": 1, "orientation": 0.0, "priority": "High", "capability": null}}, {"model": "ambulances.ambulances", "pk": 29, "fields": {"license_plate": "BC-196", "name": "BC-196", "status": 1, "orientation": 0.0, "priority": "High", "capability": null}}, {"model": "ambulances.ambulances", "pk": 30, "fields": {"license_plate": "BC-190", "name": "BC-190", "status": 1, "orientation": 0.0, "priority": "High", "capability": null}}, {"model": "ambulances.ambulances", "pk": 31, "fields": {"license_plate": "BC-197", "name": "BC-197", "status": 1, "orientation": 0.0, "priority": "High", "capability": null}}, {"model": "ambulances.call", "pk": 14, "fields": {"active": false, "status": "Available", "ambulance": 10, "name": "TestCall1", "residential_unit": "Unit B", "stmain_number": "2633", "delegation": "None", "zipcode": "22500", "city": "Tijuana", "state": "Baja California", "location": "SRID=4326;POINT (-117.0776821166992 32.49289473792104)", "assignment": "Test", "description": "Test", "call_time": "2017-11-08T21:17:59Z", "departure_time": null, "transfer_time": null, "hospital_time": null, "base_time": null, "priority": "A"}}, {"model": "ambulances.region", "pk": 1, "fields": {"name": "Region_1", "center": "SRID=4326;POINT (0.06278114324190373 0.03701381426788061)"}}, {"model": "ambulances.region", "pk": 2, "fields": {"name": "Region_2", "center": "SRID=4326;POINT (-0.1226879281048728 0.05811322531475857)"}}, {"model": "ambulances.hospital", "pk": 4, "fields": {"name": "General Hospital", "address": "Centenario 10851, Zona R\u00edo, 22000 Tijuana, B.C., Mexico"}}, {"model": "ambulances.hospital", "pk": 5, "fields": {"name": "Popular Insurance IMSS Clinic", "address": "Av. Tecnol\u00f3gico No. 15100, Mesa de Otay, 22320 Tijuana, B.C., Mexico"}}, {"model": "ambulances.hospital", "pk": 6, "fields": {"name": "Red Cross Hospital", "address": "Alfonso Gamboa s/n, 2da. Etapa Zona R\u00edo, 22430 Tijuana, BC, Mexico"}}, {"model": "ambulances.hospital", "pk": 7, "fields": {"name": "Clinic ISSSTECALI Government insurance", "address": "Avenida de las Palmas 4351, Fraccionamiento Las Palmas, 22106 Tijuana, B.C., Mexico"}}, {"model": "ambulances.equipment", "pk": 5, "fields": {"name": "Radiograph", "toggleable": true}}, {"model": "ambulances.equipment", "pk": 6, "fields": {"name": "Ultrasound", "toggleable": true}}, {"model": "ambulances.equipment", "pk": 7, "fields": {"name": "Blood laboratory", "toggleable": true}}, {"model": "ambulances.equipment", "pk": 8, "fields": {"name": "Tomography", "toggleable": true}}, {"model": "ambulances.equipmentcount", "pk": 5, "fields": {"hospital": 4, "equipment": 5, "quantity": 5}}, {"model": "ambulances.equipmentcount", "pk": 6, "fields": {"hospital": 4, "equipment": 6, "quantity": 6}}, {"model": "ambulances.equipmentcount", "pk": 7, "fields": {"hospital": 4, "equipment": 7, "quantity": 2}}, {"model": "ambulances.equipmentcount", "pk": 8, "fields": {"hospital": 4, "equipment": 8, "quantity": 3}}, {"model": "ambulances.equipmentcount", "pk": 9, "fields": {"hospital": 5, "equipment": 8, "quantity": 2}}, {"model": "ambulances.equipmentcount", "pk": 10, "fields": {"hospital": 5, "equipment": 5, "quantity": 4}}, {"model": "ambulances.equipmentcount", "pk": 11, "fields": {"hospital": 5, "equipment": 6, "quantity": 3}}, {"model": "ambulances.equipmentcount", "pk": 12, "fields": {"hospital": 5, "equipment": 7, "quantity": 2}}, {"model": "ambulances.equipmentcount", "pk": 13, "fields": {"hospital": 6, "equipment": 5, "quantity": 4}}, {"model": "ambulances.equipmentcount", "pk": 14, "fields": {"hospital": 6, "equipment": 6, "quantity": 3}}, {"model": "ambulances.equipmentcount", "pk": 15, "fields": {"hospital": 6, "equipment": 7, "quantity": 3}}, {"model": "ambulances.equipmentcount", "pk": 16, "fields": {"hospital": 6, "equipment": 8, "quantity": 5}}, {"model": "ambulances.equipmentcount", "pk": 17, "fields": {"hospital": 7, "equipment": 5, "quantity": 5}}, {"model": "ambulances.equipmentcount", "pk": 18, "fields": {"hospital": 7, "equipment": 6, "quantity": 7}}, {"model": "ambulances.equipmentcount", "pk": 19, "fields": {"hospital": 7, "equipment": 7, "quantity": 1}}, {"model": "ambulances.equipmentcount", "pk": 20, "fields": {"hospital": 7, "equipment": 8, "quantity": 4}}, {"model": "contenttypes.contenttype", "pk": 1, "fields": {"app_label": "ambulances", "model": "status"}}, {"model": "contenttypes.contenttype", "pk": 2, "fields": {"app_label": "ambulances", "model": "capability"}}, {"model": "contenttypes.contenttype", "pk": 3, "fields": {"app_label": "ambulances", "model": "ambulances"}}, {"model": "contenttypes.contenttype", "pk": 4, "fields": {"app_label": "ambulances", "model": "call"}}, {"model": "contenttypes.contenttype", "pk": 5, "fields": {"app_label": "ambulances", "model": "region"}}, {"model": "contenttypes.contenttype", "pk": 6, "fields": {"app_label": "ambulances", "model": "hospital"}}, {"model": "contenttypes.contenttype", "pk": 7, "fields": {"app_label": "ambulances", "model": "equipment"}}, {"model": "contenttypes.contenttype", "pk": 8, "fields": {"app_label": "ambulances", "model": "equipmentcount"}}, {"model": "contenttypes.contenttype", "pk": 9, "fields": {"app_label": "ambulances", "model": "base"}}, {"model": "contenttypes.contenttype", "pk": 10, "fields": {"app_label": "ambulances", "model": "route"}}, {"model": "contenttypes.contenttype", "pk": 11, "fields": {"app_label": "ambulances", "model": "user"}}, {"model": "contenttypes.contenttype", "pk": 12, "fields": {"app_label": "ambulances", "model": "locationpoint"}}, {"model": "contenttypes.contenttype", "pk": 13, "fields": {"app_label": "admin", "model": "logentry"}}, {"model": "contenttypes.contenttype", "pk": 14, "fields": {"app_label": "auth", "model": "permission"}}, {"model": "contenttypes.contenttype", "pk": 15, "fields": {"app_label": "auth", "model": "group"}}, {"model": "contenttypes.contenttype", "pk": 16, "fields": {"app_label": "contenttypes", "model": "contenttype"}}, {"model": "contenttypes.contenttype", "pk": 17, "fields": {"app_label": "sessions", "model": "session"}}, {"model": "sessions.session", "pk": "ew1efjyclje7z0psgvfsejbcnt9mfncs", "fields": {"session_data": "YmY5ZDA5YjNmMzVjNjJmOTU5YzEzMjY5N2VkMWI5NDBiZGU1NWIyYjp7Il9hdXRoX3VzZXJfaWQiOiI3IiwiX2F1dGhfdXNlcl9iYWNrZW5kIjoiZGphbmdvLmNvbnRyaWIuYXV0aC5iYWNrZW5kcy5Nb2RlbEJhY2tlbmQiLCJfYXV0aF91c2VyX2hhc2giOiI4MWExYmFhY2M5NjU2NzBjOTJiOGI2NDAzMGFiZjIxNjVjOTg3NzBmIn0=", "expire_date": "2017-11-07T03:48:53.083Z"}}, {"model": "sessions.session", "pk": "pfq04bwd9c62knr2a6m5uhkgo3c2dx1b", "fields": {"session_data": "YmY5ZDA5YjNmMzVjNjJmOTU5YzEzMjY5N2VkMWI5NDBiZGU1NWIyYjp7Il9hdXRoX3VzZXJfaWQiOiI3IiwiX2F1dGhfdXNlcl9iYWNrZW5kIjoiZGphbmdvLmNvbnRyaWIuYXV0aC5iYWNrZW5kcy5Nb2RlbEJhY2tlbmQiLCJfYXV0aF91c2VyX2hhc2giOiI4MWExYmFhY2M5NjU2NzBjOTJiOGI2NDAzMGFiZjIxNjVjOTg3NzBmIn0=", "expire_date": "2017-10-24T03:33:54.048Z"}}, {"model": "sessions.session", "pk": "rc81rga34vs32michu6xq5w2z56a6dh2", "fields": {"session_data": "YmY5ZDA5YjNmMzVjNjJmOTU5YzEzMjY5N2VkMWI5NDBiZGU1NWIyYjp7Il9hdXRoX3VzZXJfaWQiOiI3IiwiX2F1dGhfdXNlcl9iYWNrZW5kIjoiZGphbmdvLmNvbnRyaWIuYXV0aC5iYWNrZW5kcy5Nb2RlbEJhY2tlbmQiLCJfYXV0aF91c2VyX2hhc2giOiI4MWExYmFhY2M5NjU2NzBjOTJiOGI2NDAzMGFiZjIxNjVjOTg3NzBmIn0=", "expire_date": "2017-11-08T21:49:47.676Z"}}, {"model": "auth.permission", "pk": 1, "fields": {"name": "Can add status", "content_type": 1, "codename": "add_status"}}, {"model": "auth.permission", "pk": 2, "fields": {"name": "Can change status", "content_type": 1, "codename": "change_status"}}, {"model": "auth.permission", "pk": 3, "fields": {"name": "Can delete status", "content_type": 1, "codename": "delete_status"}}, {"model": "auth.permission", "pk": 4, "fields": {"name": "Can add capability", "content_type": 2, "codename": "add_capability"}}, {"model": "auth.permission", "pk": 5, "fields": {"name": "Can change capability", "content_type": 2, "codename": "change_capability"}}, {"model": "auth.permission", "pk": 6, "fields": {"name": "Can delete capability", "content_type": 2, "codename": "delete_capability"}}, {"model": "auth.permission", "pk": 7, "fields": {"name": "Can add ambulances", "content_type": 3, "codename": "add_ambulances"}}, {"model": "auth.permission", "pk": 8, "fields": {"name": "Can change ambulances", "content_type": 3, "codename": "change_ambulances"}}, {"model": "auth.permission", "pk": 9, "fields": {"name": "Can delete ambulances", "content_type": 3, "codename": "delete_ambulances"}}, {"model": "auth.permission", "pk": 10, "fields": {"name": "Can add call", "content_type": 4, "codename": "add_call"}}, {"model": "auth.permission", "pk": 11, "fields": {"name": "Can change call", "content_type": 4, "codename": "change_call"}}, {"model": "auth.permission", "pk": 12, "fields": {"name": "Can delete call", "content_type": 4, "codename": "delete_call"}}, {"model": "auth.permission", "pk": 13, "fields": {"name": "Can add region", "content_type": 5, "codename": "add_region"}}, {"model": "auth.permission", "pk": 14, "fields": {"name": "Can change region", "content_type": 5, "codename": "change_region"}}, {"model": "auth.permission", "pk": 15, "fields": {"name": "Can delete region", "content_type": 5, "codename": "delete_region"}}, {"model": "auth.permission", "pk": 16, "fields": {"name": "Can add hospital", "content_type": 6, "codename": "add_hospital"}}, {"model": "auth.permission", "pk": 17, "fields": {"name": "Can change hospital", "content_type": 6, "codename": "change_hospital"}}, {"model": "auth.permission", "pk": 18, "fields": {"name": "Can delete hospital", "content_type": 6, "codename": "delete_hospital"}}, {"model": "auth.permission", "pk": 19, "fields": {"name": "Can add equipment", "content_type": 7, "codename": "add_equipment"}}, {"model": "auth.permission", "pk": 20, "fields": {"name": "Can change equipment", "content_type": 7, "codename": "change_equipment"}}, {"model": "auth.permission", "pk": 21, "fields": {"name": "Can delete equipment", "content_type": 7, "codename": "delete_equipment"}}, {"model": "auth.permission", "pk": 22, "fields": {"name": "Can add equipment count", "content_type": 8, "codename": "add_equipmentcount"}}, {"model": "auth.permission", "pk": 23, "fields": {"name": "Can change equipment count", "content_type": 8, "codename": "change_equipmentcount"}}, {"model": "auth.permission", "pk": 24, "fields": {"name": "Can delete equipment count", "content_type": 8, "codename": "delete_equipmentcount"}}, {"model": "auth.permission", "pk": 25, "fields": {"name": "Can add base", "content_type": 9, "codename": "add_base"}}, {"model": "auth.permission", "pk": 26, "fields": {"name": "Can change base", "content_type": 9, "codename": "change_base"}}, {"model": "auth.permission", "pk": 27, "fields": {"name": "Can delete base", "content_type": 9, "codename": "delete_base"}}, {"model": "auth.permission", "pk": 28, "fields": {"name": "Can add route", "content_type": 10, "codename": "add_route"}}, {"model": "auth.permission", "pk": 29, "fields": {"name": "Can change route", "content_type": 10, "codename": "change_route"}}, {"model": "auth.permission", "pk": 30, "fields": {"name": "Can delete route", "content_type": 10, "codename": "delete_route"}}, {"model": "auth.permission", "pk": 31, "fields": {"name": "Can add user", "content_type": 11, "codename": "add_user"}}, {"model": "auth.permission", "pk": 32, "fields": {"name": "Can change user", "content_type": 11, "codename": "change_user"}}, {"model": "auth.permission", "pk": 33, "fields": {"name": "Can delete user", "content_type": 11, "codename": "delete_user"}}, {"model": "auth.permission", "pk": 34, "fields": {"name": "Can add location point", "content_type": 12, "codename": "add_locationpoint"}}, {"model": "auth.permission", "pk": 35, "fields": {"name": "Can change location point", "content_type": 12, "codename": "change_locationpoint"}}, {"model": "auth.permission", "pk": 36, "fields": {"name": "Can delete location point", "content_type": 12, "codename": "delete_locationpoint"}}, {"model": "auth.permission", "pk": 37, "fields": {"name": "Can add log entry", "content_type": 13, "codename": "add_logentry"}}, {"model": "auth.permission", "pk": 38, "fields": {"name": "Can change log entry", "content_type": 13, "codename": "change_logentry"}}, {"model": "auth.permission", "pk": 39, "fields": {"name": "Can delete log entry", "content_type": 13, "codename": "delete_logentry"}}, {"model": "auth.permission", "pk": 40, "fields": {"name": "Can add permission", "content_type": 14, "codename": "add_permission"}}, {"model": "auth.permission", "pk": 41, "fields": {"name": "Can change permission", "content_type": 14, "codename": "change_permission"}}, {"model": "auth.permission", "pk": 42, "fields": {"name": "Can delete permission", "content_type": 14, "codename": "delete_permission"}}, {"model": "auth.permission", "pk": 43, "fields": {"name": "Can add group", "content_type": 15, "codename": "add_group"}}, {"model": "auth.permission", "pk": 44, "fields": {"name": "Can change group", "content_type": 15, "codename": "change_group"}}, {"model": "auth.permission", "pk": 45, "fields": {"name": "Can delete group", "content_type": 15, "codename": "delete_group"}}, {"model": "auth.permission", "pk": 46, "fields": {"name": "Can add content type", "content_type": 16, "codename": "add_contenttype"}}, {"model": "auth.permission", "pk": 47, "fields": {"name": "Can change content type", "content_type": 16, "codename": "change_contenttype"}}, {"model": "auth.permission", "pk": 48, "fields": {"name": "Can delete content type", "content_type": 16, "codename": "delete_contenttype"}}, {"model": "auth.permission", "pk": 49, "fields": {"name": "Can add session", "content_type": 17, "codename": "add_session"}}, {"model": "auth.permission", "pk": 50, "fields": {"name": "Can change session", "content_type": 17, "codename": "change_session"}}, {"model": "auth.permission", "pk": 51, "fields": {"name": "Can delete session", "content_type": 17, "codename": "delete_session"}}, {"model": "ambulances.user", "pk": 7, "fields": {"password": "pbkdf2_sha256$36000$c0Jt5QP6zRic$QJp15Ehp36ZfruDHvFlBwQNWTSK/GtoOq9H30RYnxMc=", "last_login": "2017-11-08T20:58:57Z", "is_superuser": true, "username": "admin", "first_name": "", "last_name": "", "email": "admin@gmail.com", "is_staff": true, "is_active": true, "date_joined": "2017-10-24T02:54:19Z", "hospital": null, "ambulance": null, "groups": [], "user_permissions": [], "hospitals": [4, 5, 6, 7], "ambulances": [10, 11, 12, 13, 14, 15, 16, 17, 18, 19, 20, 21, 22, 23, 24, 25, 26, 27, 28, 29, 30, 31]}}, {"model": "ambulances.user", "pk": 8, "fields": {"password": "pbkdf2_sha256$36000$vRo27YsAUGPn$m7LsgdC9q6ehlrG/TJpjOHrLoS4TshnObP5/EUUtOyA=", "last_login": "2017-11-07T03:18:01Z", "is_superuser": false, "username": "testuser1", "first_name": "", "last_name": "", "email": "", "is_staff": false, "is_active": true, "date_joined": "2017-11-07T02:49:25Z", "hospital": null, "ambulance": null, "groups": [], "user_permissions": [], "hospitals": [4, 5], "ambulances": [10, 11, 12]}}, {"model": "ambulances.user", "pk": 9, "fields": {"password": "pbkdf2_sha256$36000$4cZ3MFE8PTS5$ehbaiUEWo54OlUvm7nh3dtHVTszc/QV+RHNBU5TOGag=", "last_login": null, "is_superuser": false, "username": "testuser2", "first_name": "", "last_name": "", "email": "", "is_staff": false, "is_active": true, "date_joined": "2017-11-07T02:50:05Z", "hospital": null, "ambulance": null, "groups": [], "user_permissions": [], "hospitals": [5, 6], "ambulances": [13, 14, 15]}}, {"model": "ambulances.user", "pk": 10, "fields": {"password": "pbkdf2_sha256$36000$lysjRqmC77KD$+BGHGsDZ+H24EzRmWRN/UTMVbLKg8il56+wx31elxfg=", "last_login": null, "is_superuser": false, "username": "testuser3", "first_name": "", "last_name": "", "email": "", "is_staff": false, "is_active": true, "date_joined": "2017-11-07T02:51:29Z", "hospital": null, "ambulance": null, "groups": [], "user_permissions": [], "hospitals": [6, 7], "ambulances": [16, 17, 18]}}, {"model": "ambulances.user", "pk": 11, "fields": {"password": "pbkdf2_sha256$36000$1OeuRuvJmxGB$kkLtGcwy2UKz9/zQiuyekUASXz9TXj4ZcmbAEsQFptI=", "last_login": null, "is_superuser": false, "username": "testuser4", "first_name": "", "last_name": "", "email": "", "is_staff": false, "is_active": true, "date_joined": "2017-11-07T02:52:01Z", "hospital": null, "ambulance": null, "groups": [], "user_permissions": [], "hospitals": [4, 5, 6], "ambulances": [19, 20, 21]}}, {"model": "ambulances.user", "pk": 12, "fields": {"password": "pbkdf2_sha256$36000$w1MhAERYbW3M$RPziDgwHABpn7ZUYuW0IMDT2Pj84oUJa+NZvBlsDv1E=", "last_login": null, "is_superuser": false, "username": "testuser5", "first_name": "", "last_name": "", "email": "", "is_staff": false, "is_active": true, "date_joined": "2017-11-07T02:52:26Z", "hospital": null, "ambulance": null, "groups": [], "user_permissions": [], "hospitals": [5, 6, 7], "ambulances": [22, 23, 24]}}, {"model": "ambulances.locationpoint", "pk": 1, "fields": {"location": "SRID=4326;POINT (-117.0632625610351 32.51258391022086)", "ambulance": 10, "call": null, "user": null, "timestamp": "2017-11-01T20:31:27Z", "type": "Default Type"}}, {"model": "ambulances.locationpoint", "pk": 2, "fields": {"location": "SRID=4326;POINT (-117.0145107299805 32.51258391022083)", "ambulance": 11, "call": null, "user": null, "timestamp": "2017-11-01T20:31:37Z", "type": "Default Type"}}, {"model": "ambulances.locationpoint", "pk": 3, "fields": {"location": "SRID=4326;POINT (-117.0951915771484 32.46306322444047)", "ambulance": 12, "call": null, "user": null, "timestamp": "2017-11-01T20:31:49Z", "type": "Default Type"}}, {"model": "ambulances.locationpoint", "pk": 4, "fields": {"location": "SRID=4326;POINT (-117.0721889526367 32.4639322432492)", "ambulance": 13, "call": null, "user": null, "timestamp": "2017-11-01T20:31:55Z", "type": "Default Type"}}, {"model": "ambulances.locationpoint", "pk": 5, "fields": {"location": "SRID=4326;POINT (-117.0004344970703 32.46190451965198)", "ambulance": 14, "call": null, "user": null, "timestamp": "2017-11-01T20:32:09Z", "type": "Default Type"}}, {"model": "ambulances.locationpoint", "pk": 6, "fields": {"location": "SRID=4326;POINT (-117.0982814819336 32.46335289830839)", "ambulance": 15, "call": null, "user": null, "timestamp": "2017-11-01T20:32:15Z", "type": "Default Type"}}, {"model": "ambulances.locationpoint", "pk": 7, "fields": {"location": "SRID=4326;POINT (-117.0787120849609 32.46451158446324)", "ambulance": 16, "call": null, "user": null, "timestamp": "2017-11-01T20:32:25Z", "type": "Default Type"}}, {"model": "ambulances.locationpoint", "pk": 8, "fields": {"location": "SRID=4326;POINT (-117.0732189208984 32.52561113891419)", "ambulance": 17, "call": null, "user": null, "timestamp": "2017-11-01T20:32:33Z", "type": "Default Type"}}, {"model": "ambulances.locationpoint", "pk": 9, "fields": {"location": "SRID=4326;POINT (-117.1099544555664 32.47407017641068)", "ambulance": 18, "call": null, "user": null, "timestamp": "2017-11-01T20:32:39Z", "type": "Default Type"}}, {"model": "ambulances.locationpoint", "pk": 10, "fields": {"location": "SRID=4326;POINT (-117.0618892700195 32.4648012536727)", "ambulance": 19, "call": null, "user": null, "timestamp": "2017-11-01T20:32:45Z", "type": "Default Type"}}, {"model": "ambulances.locationpoint", "pk": 11, "fields": {"location": "SRID=4326;POINT (-116.9496227294922 32.48102124227067)", "ambulance": 20, "call": null, "user": null, "timestamp": "2017-11-01T20:32:55Z", "type": "Default Type"}}, {"model": "ambulances.locationpoint", "pk": 12, "fields": {"location": "SRID=4326;POINT (-116.9812084228516 32.5059248197017)", "ambulance": 21, "call": null, "user": null, "timestamp": "2017-11-01T20:33:06Z", "type": "Default Type"}}, {"model": "ambulances.locationpoint", "pk": 13, "fields": {"location": "SRID=4326;POINT (-117.1048046142578 32.46248387390956)", "ambulance": 22, "call": null, "user": null, "timestamp": "2017-11-01T20:33:14Z", "type": "Default Type"}}, {"model": "ambulances.locationpoint", "pk": 14, "fields": {"location": "SRID=4326;POINT (-117.0728755981445 32.46595992119347)", "ambulance": 23, "call": null, "user": null, "timestamp": "2017-11-01T20:33:21Z", "type": "Default Type"}}, {"model": "ambulances.locationpoint", "pk": 15, "fields": {"location": "SRID=4326;POINT (-117.0464397460938 32.49608004334723)", "ambulance": 24, "call": null, "user": null, "timestamp": "2017-11-01T20:33:32Z", "type": "Default Type"}}, {"model": "ambulances.locationpoint", "pk": 16, "fields": {"location": "SRID=4326;POINT (-117.0447231323242 32.50418758453825)", "ambulance": 25, "call": null, "user": null, "timestamp": "2017-11-01T20:33:43Z", "type": "Default Type"}}, {"model": "ambulances.locationpoint", "pk": 17, "fields": {"location": "SRID=4326;POINT (-117.045409777832 32.4879717713258)", "ambulance": 26, "call": null, "user": null, "timestamp": "2017-11-01T20:33:50Z", "type": "Default Type"}}, {"model": "ambulances.locationpoint", "pk": 18, "fields": {"location": "SRID=4326;POINT (-117.027213671875 32.47291161324893)", "ambulance": 27, "call": null, "user": null, "timestamp": "2017-11-01T20:33:56Z", "type": "Default Type"}}, {"model": "ambulances.locationpoint", "pk": 19, "fields": {"location": "SRID=4326;POINT (-117.0539928466797 32.46711857380666)", "ambulance": 28, "call": null, "user": null, "timestamp": "2017-11-01T20:34:05Z", "type": "Default Type"}}, {"model": "ambulances.locationpoint", "pk": 20, "fields": {"location": "SRID=4326;POINT (-117.0093608886719 32.51432098314989)", "ambulance": 29, "call": null, "user": null, "timestamp": "2017-11-01T20:34:11Z", "type": "Default Type"}}, {"model": "ambulances.locationpoint", "pk": 21, "fields": {"location": "SRID=4326;POINT (-117.0100475341797 32.49723830826432)", "ambulance": 30, "call": null, "user": null, "timestamp": "2017-11-01T20:34:20Z", "type": "Default Type"}}, {"model": "ambulances.locationpoint", "pk": 22, "fields": {"location": "SRID=4326;POINT (-117.0565065386489 32.5000935457678)", "ambulance": 31, "call": null, "user": null, "timestamp": "2017-11-01T20:34:28Z", "type": "Default Type"}}, {"model": "admin.logentry", "pk": 1, "fields": {"action_time": "2017-11-01T19:30:10.060Z", "user": 7, "content_type": 3, "object_id": "9", "object_repr": "ABU-192", "action_flag": 3, "change_message": ""}}, {"model": "admin.logentry", "pk": 2, "fields": {"action_time": "2017-11-01T19:30:14.830Z", "user": 7, "content_type": 3, "object_id": "8", "object_repr": "AHC-472", "action_flag": 3, "change_message": ""}}, {"model": "admin.logentry", "pk": 3, "fields": {"action_time": "2017-11-01T19:30:18.122Z", "user": 7, "content_type": 3, "object_id": "7", "object_repr": "ABC-111", "action_flag": 3, "change_message": ""}}, {"model": "admin.logentry", "pk": 4, "fields": {"action_time": "2017-11-01T19:30:21.159Z", "user": 7, "content_type": 3, "object_id": "6", "object_repr": "AEG-189", "action_flag": 3, "change_message": ""}}, {"model": "admin.logentry", "pk": 5, "fields": {"action_time": "2017-11-01T19:30:23.799Z", "user": 7, "content_type": 3, "object_id": "5", "object_repr": "ACF-156", "action_flag": 3, "change_message": ""}}, {"model": "admin.logentry", "pk": 6, "fields": {"action_time": "2017-11-01T19:30:28.690Z", "user": 7, "content_type": 3, "object_id": "4", "object_repr": "ABE-145", "action_flag": 3, "change_message": ""}}, {"model": "admin.logentry", "pk": 7, "fields": {"action_time": "2017-11-01T19:30:31.508Z", "user": 7, "content_type": 3, "object_id": "3", "object_repr": "ABC-145", "action_flag": 3, "change_message": ""}}, {"model": "admin.logentry", "pk": 8, "fields": {"action_time": "2017-11-01T19:30:34.182Z", "user": 7, "content_type": 3, "object_id": "2", "object_repr": "AAB-122", "action_flag": 3, "change_message": ""}}, {"model": "admin.logentry", "pk": 9, "fields": {"action_time": "2017-11-01T19:30:37.156Z", "user": 7, "content_type": 3, "object_id": "1", "object_repr": "AAA-111", "action_flag": 3, "change_message": ""}}, {"model": "admin.logentry", "pk": 10, "fields": {"action_time": "2017-11-01T19:32:21.313Z", "user": 7, "content_type": 3, "object_id": "10", "object_repr": "BC-183", "action_flag": 1, "change_message": "[{\"added\": {}}]"}}, {"model": "admin.logentry", "pk": 11, "fields": {"action_time": "2017-11-01T19:32:36.610Z", "user": 7, "content_type": 3, "object_id": "11", "object_repr": "BC-160", "action_flag": 1, "change_message": "[{\"added\": {}}]"}}, {"model": "admin.logentry", "pk": 12, "fields": {"action_time": "2017-11-01T19:32:52.244Z", "user": 7, "content_type": 3, "object_id": "12", "object_repr": "BC-179", "action_flag": 1, "change_message": "[{\"added\": {}}]"}}, {"model": "admin.logentry", "pk": 13, "fields": {"action_time": "2017-11-01T19:33:10.253Z", "user": 7, "content_type": 3, "object_id": "13", "object_repr": "BC-166", "action_flag": 1, "change_message": "[{\"added\": {}}]"}}, {"model": "admin.logentry", "pk": 14, "fields": {"action_time": "2017-11-01T19:33:21.250Z", "user": 7, "content_type": 3, "object_id": "14", "object_repr": "BC-175", "action_flag": 1, "change_message": "[{\"added\": {}}]"}}, {"model": "admin.logentry", "pk": 15, "fields": {"action_time": "2017-11-01T19:33:32.705Z", "user": 7, "content_type": 3, "object_id": "15", "object_repr": "BC-168", "action_flag": 1, "change_message": "[{\"added\": {}}]"}}, {"model": "admin.logentry", "pk": 16, "fields": {"action_time": "2017-11-01T19:33:42.920Z", "user": 7, "content_type": 3, "object_id": "16", "object_repr": "BC-172", "action_flag": 1, "change_message": "[{\"added\": {}}]"}}, {"model": "admin.logentry", "pk": 17, "fields": {"action_time": "2017-11-01T19:33:59.093Z", "user": 7, "content_type": 3, "object_id": "17", "object_repr": "BC-178", "action_flag": 1, "change_message": "[{\"added\": {}}]"}}, {"model": "admin.logentry", "pk": 18, "fields": {"action_time": "2017-11-01T19:34:14.916Z", "user": 7, "content_type": 3, "object_id": "18", "object_repr": "BC-174", "action_flag": 1, "change_message": "[{\"added\": {}}]"}}, {"model": "admin.logentry", "pk": 19, "fields": {"action_time": "2017-11-01T19:34:27.267Z", "user": 7, "content_type": 3, "object_id": "19", "object_repr": "BC-167", "action_flag": 1, "change_message": "[{\"added\": {}}]"}}, {"model": "admin.logentry", "pk": 20, "fields": {"action_time": "2017-11-01T19:34:39.312Z", "user": 7, "content_type": 3, "object_id": "20", "object_repr": "BC-027", "action_flag": 1, "change_message": "[{\"added\": {}}]"}}, {"model": "admin.logentry", "pk": 21, "fields": {"action_time": "2017-11-01T19:34:51.524Z", "user": 7, "content_type": 3, "object_id": "21", "object_repr": "BC-182", "action_flag": 1, "change_message": "[{\"added\": {}}]"}}, {"model": "admin.logentry", "pk": 22, "fields": {"action_time": "2017-11-01T19:35:04.231Z", "user": 7, "content_type": 3, "object_id": "22", "object_repr": "BC-177", "action_flag": 1, "change_message": "[{\"added\": {}}]"}}, {"model": "admin.logentry", "pk": 23, "fields": {"action_time": "2017-11-01T19:35:23.194Z", "user": 7, "content_type": 3, "object_id": "23", "object_repr": "BC-180", "action_flag": 1, "change_message": "[{\"added\": {}}]"}}, {"model": "admin.logentry", "pk": 24, "fields": {"action_time": "2017-11-01T19:35:37.331Z", "user": 7, "content_type": 3, "object_id": "24", "object_repr": "BC-169", "action_flag": 1, "change_message": "[{\"added\": {}}]"}}, {"model": "admin.logentry", "pk": 25, "fields": {"action_time": "2017-11-01T19:35:49.692Z", "user": 7, "content_type": 3, "object_id": "25", "object_repr": "BC-170", "action_flag": 1, "change_message": "[{\"added\": {}}]"}}, {"model": "admin.logentry", "pk": 26, "fields": {"action_time": "2017-11-01T19:36:01.750Z", "user": 7, "content_type": 3, "object_id": "26", "object_repr": "BC-171", "action_flag": 1, "change_message": "[{\"added\": {}}]"}}, {"model": "admin.logentry", "pk": 27, "fields": {"action_time": "2017-11-01T19:36:12.436Z", "user": 7, "content_type": 3, "object_id": "27", "object_repr": "BC-165", "action_flag": 1, "change_message": "[{\"added\": {}}]"}}, {"model": "admin.logentry", "pk": 28, "fields": {"action_time": "2017-11-01T19:36:26.277Z", "user": 7, "content_type": 3, "object_id": "28", "object_repr": "BC-184", "action_flag": 1, "change_message": "[{\"added\": {}}]"}}, {"model": "admin.logentry", "pk": 29, "fields": {"action_time": "2017-11-01T19:36:36.738Z", "user": 7, "content_type": 3, "object_id": "29", "object_repr": "BC-196", "action_flag": 1, "change_message": "[{\"added\": {}}]"}}, {"model": "admin.logentry", "pk": 30, "fields": {"action_time": "2017-11-01T19:36:49.037Z", "user": 7, "content_type": 3, "object_id": "30", "object_repr": "BC-190", "action_flag": 1, "change_message": "[{\"added\": {}}]"}}, {"model": "admin.logentry", "pk": 31, "fields": {"action_time": "2017-11-01T19:37:00.597Z", "user": 7, "content_type": 3, "object_id": "31", "object_repr": "BC-197", "action_flag": 1, "change_message": "[{\"added\": {}}]"}}, {"model": "admin.logentry", "pk": 32, "fields": {"action_time": "2017-11-01T19:46:20.159Z", "user": 7, "content_type": 6, "object_id": "3", "object_repr": "private", "action_flag": 3, "change_message": ""}}, {"model": "admin.logentry", "pk": 33, "fields": {"action_time": "2017-11-01T19:46:25.930Z", "user": 7, "content_type": 6, "object_id": "2", "object_repr": "test", "action_flag": 3, "change_message": ""}}, {"model": "admin.logentry", "pk": 34, "fields": {"action_time": "2017-11-01T19:46:29.345Z", "user": 7, "content_type": 6, "object_id": "1", "object_repr": "general", "action_flag": 3, "change_message": ""}}, {"model": "admin.logentry", "pk": 35, "fields": {"action_time": "2017-11-01T19:47:03.254Z", "user": 7, "content_type": 6, "object_id": "4", "object_repr": "General Hospital", "action_flag": 1, "change_message": "[{\"added\": {}}]"}}, {"model": "admin.logentry", "pk": 36, "fields": {"action_time": "2017-11-01T19:47:58.052Z", "user": 7, "content_type": 6, "object_id": "5", "object_repr": "Popular Insurance IMSS Clinic", "action_flag": 1, "change_message": "[{\"added\": {}}]"}}, {"model": "admin.logentry", "pk": 37, "fields": {"action_time": "2017-11-01T19:48:29.721Z", "user": 7, "content_type": 6, "object_id": "6", "object_repr": "Red Cross Hospital", "action_flag": 1, "change_message": "[{\"added\": {}}]"}}, {"model": "admin.logentry", "pk": 38, "fields": {"action_time": "2017-11-01T19:49:02.372Z", "user": 7, "content_type": 6, "object_id": "7", "object_repr": "Clinic ISSSTECALI Government insurance", "action_flag": 1, "change_message": "[{\"added\": {}}]"}}, {"model": "admin.logentry", "pk": 39, "fields": {"action_time": "2017-11-01T19:50:05.456Z", "user": 7, "content_type": 7, "object_id": "4", "object_repr": "syringe", "action_flag": 3, "change_message": ""}}, {"model": "admin.logentry", "pk": 40, "fields": {"action_time": "2017-11-01T19:50:08.145Z", "user": 7, "content_type": 7, "object_id": "3", "object_repr": "mri", "action_flag": 3, "change_message": ""}}, {"model": "admin.logentry", "pk": 41, "fields": {"action_time": "2017-11-01T19:50:10.498Z", "user": 7, "content_type": 7, "object_id": "2", "object_repr": "bed", "action_flag": 3, "change_message": ""}}, {"model": "admin.logentry", "pk": 42, "fields": {"action_time": "2017-11-01T19:50:13.241Z", "user": 7, "content_type": 7, "object_id": "1", "object_repr": "xray", "action_flag": 3, "change_message": ""}}, {"model": "admin.logentry", "pk": 43, "fields": {"action_time": "2017-11-01T19:50:40.290Z", "user": 7, "content_type": 7, "object_id": "5", "object_repr": "Radiograph", "action_flag": 1, "change_message": "[{\"added\": {}}]"}}, {"model": "admin.logentry", "pk": 44, "fields": {"action_time": "2017-11-01T19:50:49.054Z", "user": 7, "content_type": 7, "object_id": "6", "object_repr": "Ultrasound", "action_flag": 1, "change_message": "[{\"added\": {}}]"}}, {"model": "admin.logentry", "pk": 45, "fields": {"action_time": "2017-11-01T19:50:59.380Z", "user": 7, "content_type": 7, "object_id": "7", "object_repr": "Blood laboratory", "action_flag": 1, "change_message": "[{\"added\": {}}]"}}, {"model": "admin.logentry", "pk": 46, "fields": {"action_time": "2017-11-01T19:51:07.891Z", "user": 7, "content_type": 7, "object_id": "8", "object_repr": "Tomography", "action_flag": 1, "change_message": "[{\"added\": {}}]"}}, {"model": "admin.logentry", "pk": 47, "fields": {"action_time": "2017-11-01T20:03:21.969Z", "user": 7, "content_type": 8, "object_id": "5", "object_repr": "Hospital: General Hospital, Equipment: Radiograph, Count: 5", "action_flag": 1, "change_message": "[{\"added\": {}}]"}}, {"model": "admin.logentry", "pk": 48, "fields": {"action_time": "2017-11-01T20:03:32.205Z", "user": 7, "content_type": 8, "object_id": "6", "object_repr": "Hospital: General Hospital, Equipment: Ultrasound, Count: 6", "action_flag": 1, "change_message": "[{\"added\": {}}]"}}, {"model": "admin.logentry", "pk": 49, "fields": {"action_time": "2017-11-01T20:03:48.993Z", "user": 7, "content_type": 8, "object_id": "7", "object_repr": "Hospital: General Hospital, Equipment: Blood laboratory, Count: 2", "action_flag": 1, "change_message": "[{\"added\": {}}]"}}, {"model": "admin.logentry", "pk": 50, "fields": {"action_time": "2017-11-01T20:03:59.447Z", "user": 7, "content_type": 8, "object_id": "8", "object_repr": "Hospital: General Hospital, Equipment: Tomography, Count: 3", "action_flag": 1, "change_message": "[{\"added\": {}}]"}}, {"model": "admin.logentry", "pk": 51, "fields": {"action_time": "2017-11-01T20:04:08.921Z", "user": 7, "content_type": 8, "object_id": "9", "object_repr": "Hospital: Popular Insurance IMSS Clinic, Equipment: Radiograph, Count: 5", "action_flag": 1, "change_message": "[{\"added\": {}}]"}}, {"model": "admin.logentry", "pk": 52, "fields": {"action_time": "2017-11-01T20:04:16.510Z", "user": 7, "content_type": 8, "object_id": "9", "object_repr": "Hospital: Popular Insurance IMSS Clinic, Equipment: Ultrasound, Count: 7", "action_flag": 2, "change_message": "[{\"changed\": {\"fields\": [\"equipment\", \"quantity\"]}}]"}}, {"model": "admin.logentry", "pk": 53, "fields": {"action_time": "2017-11-01T20:04:28.276Z", "user": 7, "content_type": 8, "object_id": "9", "object_repr": "Hospital: Popular Insurance IMSS Clinic, Equipment: Blood laboratory, Count: 3", "action_flag": 2, "change_message": "[{\"changed\": {\"fields\": [\"equipment\", \"quantity\"]}}]"}}, {"model": "admin.logentry", "pk": 54, "fields": {"action_time": "2017-11-01T20:04:33.574Z", "user": 7, "content_type": 8, "object_id": "9", "object_repr": "Hospital: Popular Insurance IMSS Clinic, Equipment: Tomography, Count: 2", "action_flag": 2, "change_message": "[{\"changed\": {\"fields\": [\"equipment\", \"quantity\"]}}]"}}, {"model": "admin.logentry", "pk": 55, "fields": {"action_time": "2017-11-01T20:05:05.503Z", "user": 7, "content_type": 8, "object_id": "10", "object_repr": "Hospital: Popular Insurance IMSS Clinic, Equipment: Radiograph, Count: 4", "action_flag": 1, "change_message": "[{\"added\": {}}]"}}, {"model": "admin.logentry", "pk": 56, "fields": {"action_time": "2017-11-01T20:05:11.773Z", "user": 7, "content_type": 8, "object_id": "11", "object_repr": "Hospital: Popular Insurance IMSS Clinic, Equipment: Ultrasound, Count: 3", "action_flag": 1, "change_message": "[{\"added\": {}}]"}}, {"model": "admin.logentry", "pk": 57, "fields": {"action_time": "2017-11-01T20:05:18.306Z", "user": 7, "content_type": 8, "object_id": "12", "object_repr": "Hospital: Popular Insurance IMSS Clinic, Equipment: Blood laboratory, Count: 2", "action_flag": 1, "change_message": "[{\"added\": {}}]"}}, {"model": "admin.logentry", "pk": 58, "fields": {"action_time": "2017-11-01T20:05:36.309Z", "user": 7, "content_type": 8, "object_id": "13", "object_repr": "Hospital: Red Cross Hospital, Equipment: Radiograph, Count: 4", "action_flag": 1, "change_message": "[{\"added\": {}}]"}}, {"model": "admin.logentry", "pk": 59, "fields": {"action_time": "2017-11-01T20:05:44.771Z", "user": 7, "content_type": 8, "object_id": "14", "object_repr": "Hospital: Red Cross Hospital, Equipment: Ultrasound, Count: 3", "action_flag": 1, "change_message": "[{\"added\": {}}]"}}, {"model": "admin.logentry", "pk": 60, "fields": {"action_time": "2017-11-01T20:05:58.437Z", "user": 7, "content_type": 8, "object_id": "15", "object_repr": "Hospital: Red Cross Hospital, Equipment: Blood laboratory, Count: 3", "action_flag": 1, "change_message": "[{\"added\": {}}]"}}, {"model": "admin.logentry", "pk": 61, "fields": {"action_time": "2017-11-01T20:06:06.445Z", "user": 7, "content_type": 8, "object_id": "16", "object_repr": "Hospital: Red Cross Hospital, Equipment: Tomography, Count: 5", "action_flag": 1, "change_message": "[{\"added\": {}}]"}}, {"model": "admin.logentry", "pk": 62, "fields": {"action_time": "2017-11-01T20:06:36.935Z", "user": 7, "content_type": 8, "object_id": "17", "object_repr": "Hospital: Clinic ISSSTECALI Government insurance, Equipment: Radiograph, Count: 5", "action_flag": 1, "change_message": "[{\"added\": {}}]"}}, {"model": "admin.logentry", "pk": 63, "fields": {"action_time": "2017-11-01T20:06:43.444Z", "user": 7, "content_type": 8, "object_id": "18", "object_repr": "Hospital: Clinic ISSSTECALI Government insurance, Equipment: Ultrasound, Count: 7", "action_flag": 1, "change_message": "[{\"added\": {}}]"}}, {"model": "admin.logentry", "pk": 64, "fields": {"action_time": "2017-11-01T20:06:58.913Z", "user": 7, "content_type": 8, "object_id": "19", "object_repr": "Hospital: Clinic ISSSTECALI Government insurance, Equipment: Blood laboratory, Count: 1", "action_flag": 1, "change_message": "[{\"added\": {}}]"}}, {"model": "admin.logentry", "pk": 65, "fields": {"action_time": "2017-11-01T20:07:05.622Z", "user": 7, "content_type": 8, "object_id": "20", "object_repr": "Hospital: Clinic ISSSTECALI Government insurance, Equipment: Tomography, Count: 4", "action_flag": 1, "change_message": "[{\"added\": {}}]"}}, {"model": "admin.logentry", "pk": 66, "fields": {"action_time": "2017-11-01T20:31:31.621Z", "user": 7, "content_type": 12, "object_id": "1", "object_repr": "Ambulance: BC-183 at SRID=4326;POINT (-117.0632625610351 32.51258391022086)", "action_flag": 1, "change_message": "[{\"added\": {}}]"}}, {"model": "admin.logentry", "pk": 67, "fields": {"action_time": "2017-11-01T20:31:41.265Z", "user": 7, "content_type": 12, "object_id": "2", "object_repr": "Ambulance: BC-160 at SRID=4326;POINT (-117.0382 32.51489999999998)", "action_flag": 1, "change_message": "[{\"added\": {}}]"}}, {"model": "admin.logentry", "pk": 68, "fields": {"action_time": "2017-11-01T20:31:50.222Z", "user": 7, "content_type": 12, "object_id": "3", "object_repr": "Ambulance: BC-179 at SRID=4326;POINT (-117.0382 32.51489999999998)", "action_flag": 1, "change_message": "[{\"added\": {}}]"}}, {"model": "admin.logentry", "pk": 69, "fields": {"action_time": "2017-11-01T20:31:56.959Z", "user": 7, "content_type": 12, "object_id": "4", "object_repr": "Ambulance: BC-166 at SRID=4326;POINT (-117.0382 32.51489999999998)", "action_flag": 1, "change_message": "[{\"added\": {}}]"}}, {"model": "admin.logentry", "pk": 70, "fields": {"action_time": "2017-11-01T20:32:10.388Z", "user": 7, "content_type": 12, "object_id": "5", "object_repr": "Ambulance: BC-175 at SRID=4326;POINT (-117.0382 32.51489999999998)", "action_flag": 1, "change_message": "[{\"added\": {}}]"}}, {"model": "admin.logentry", "pk": 71, "fields": {"action_time": "2017-11-01T20:32:17.083Z", "user": 7, "content_type": 12, "object_id": "6", "object_repr": "Ambulance: BC-168 at SRID=4326;POINT (-117.0382 32.51489999999998)", "action_flag": 1, "change_message": "[{\"added\": {}}]"}}, {"model": "admin.logentry", "pk": 72, "fields": {"action_time": "2017-11-01T20:32:27.007Z", "user": 7, "content_type": 12, "object_id": "7", "object_repr": "Ambulance: BC-172 at SRID=4326;POINT (-117.0382 32.51489999999998)", "action_flag": 1, "change_message": "[{\"added\": {}}]"}}, {"model": "admin.logentry", "pk": 73, "fields": {"action_time": "2017-11-01T20:32:35.040Z", "user": 7, "content_type": 12, "object_id": "8", "object_repr": "Ambulance: BC-178 at SRID=4326;POINT (-117.0382 32.51489999999998)", "action_flag": 1, "change_message": "[{\"added\": {}}]"}}, {"model": "admin.logentry", "pk": 74, "fields": {"action_time": "2017-11-01T20:32:40.831Z", "user": 7, "content_type": 12, "object_id": "9", "object_repr": "Ambulance: BC-174 at SRID=4326;POINT (-117.0382 32.51489999999998)", "action_flag": 1, "change_message": "[{\"added\": {}}]"}}, {"model": "admin.logentry", "pk": 75, "fields": {"action_time": "2017-11-01T20:32:47.045Z", "user": 7, "content_type": 12, "object_id": "10", "object_repr": "Ambulance: BC-167 at SRID=4326;POINT (-117.0382 32.51489999999998)", "action_flag": 1, "change_message": "[{\"added\": {}}]"}}, {"model": "admin.logentry", "pk": 76, "fields": {"action_time": "2017-11-01T20:33:00.192Z", "user": 7, "content_type": 12, "object_id": "11", "object_repr": "Ambulance: BC-027 at SRID=4326;POINT (-117.0382 32.51489999999998)", "action_flag": 1, "change_message": "[{\"added\": {}}]"}}, {"model": "admin.logentry", "pk": 77, "fields": {"action_time": "2017-11-01T20:33:07.606Z", "user": 7, "content_type": 12, "object_id": "12", "object_repr": "Ambulance: BC-182 at SRID=4326;POINT (-117.0382 32.51489999999998)", "action_flag": 1, "change_message": "[{\"added\": {}}]"}}, {"model": "admin.logentry", "pk": 78, "fields": {"action_time": "2017-11-01T20:33:16.149Z", "user": 7, "content_type": 12, "object_id": "13", "object_repr": "Ambulance: BC-177 at SRID=4326;POINT (-117.0382 32.51489999999998)", "action_flag": 1, "change_message": "[{\"added\": {}}]"}}, {"model": "admin.logentry", "pk": 79, "fields": {"action_time": "2017-11-01T20:33:23.122Z", "user": 7, "content_type": 12, "object_id": "14", "object_repr": "Ambulance: BC-180 at SRID=4326;POINT (-117.0382 32.51489999999998)", "action_flag": 1, "change_message": "[{\"added\": {}}]"}}, {"model": "admin.logentry", "pk": 80, "fields": {"action_time": "2017-11-01T20:33:33.884Z", "user": 7, "content_type": 12, "object_id": "15", "object_repr": "Ambulance: BC-169 at SRID=4326;POINT (-117.0382 32.51489999999998)", "action_flag": 1, "change_message": "[{\"added\": {}}]"}}, {"model": "admin.logentry", "pk": 81, "fields": {"action_time": "2017-11-01T20:33:44.938Z", "user": 7, "content_type": 12, "object_id": "16", "object_repr": "Ambulance: BC-170 at SRID=4326;POINT (-117.0382 32.51489999999998)", "action_flag": 1, "change_message": "[{\"added\": {}}]"}}, {"model": "admin.logentry", "pk": 82, "fields": {"action_time": "2017-11-01T20:33:51.384Z", "user": 7, "content_type": 12, "object_id": "17", "object_repr": "Ambulance: BC-171 at SRID=4326;POINT (-117.0382 32.51489999999998)", "action_flag": 1, "change_message": "[{\"added\": {}}]"}}, {"model": "admin.logentry", "pk": 83, "fields": {"action_time": "2017-11-01T20:33:59.805Z", "user": 7, "content_type": 12, "object_id": "18", "object_repr": "Ambulance: BC-165 at SRID=4326;POINT (-117.0382 32.51489999999998)", "action_flag": 1, "change_message": "[{\"added\": {}}]"}}, {"model": "admin.logentry", "pk": 84, "fields": {"action_time": "2017-11-01T20:34:06.389Z", "user": 7, "content_type": 12, "object_id": "19", "object_repr": "Ambulance: BC-184 at SRID=4326;POINT (-117.0382 32.51489999999998)", "action_flag": 1, "change_message": "[{\"added\": {}}]"}}, {"model": "admin.logentry", "pk": 85, "fields": {"action_time": "2017-11-01T20:34:13.152Z", "user": 7, "content_type": 12, "object_id": "20", "object_repr": "Ambulance: BC-196 at SRID=4326;POINT (-117.0382 32.51489999999998)", "action_flag": 1, "change_message": "[{\"added\": {}}]"}}, {"model": "admin.logentry", "pk": 86, "fields": {"action_time": "2017-11-01T20:34:21.780Z", "user": 7, "content_type": 12, "object_id": "21", "object_repr": "Ambulance: BC-190 at SRID=4326;POINT (-117.0382 32.51489999999998)", "action_flag": 1, "change_message": "[{\"added\": {}}]"}}, {"model": "admin.logentry", "pk": 87, "fields": {"action_time": "2017-11-01T20:34:29.011Z", "user": 7, "content_type": 12, "object_id": "22", "object_repr": "Ambulance: BC-197 at SRID=4326;POINT (-117.0382 32.51489999999998)", "action_flag": 1, "change_message": "[{\"added\": {}}]"}}, {"model": "admin.logentry", "pk": 88, "fields": {"action_time": "2017-11-07T02:45:44.475Z", "user": 7, "content_type": 11, "object_id": "2", "object_repr": "testuser1", "action_flag": 3, "change_message": ""}}, {"model": "admin.logentry", "pk": 89, "fields": {"action_time": "2017-11-07T02:45:49.255Z", "user": 7, "content_type": 11, "object_id": "3", "object_repr": "testuser2", "action_flag": 3, "change_message": ""}}, {"model": "admin.logentry", "pk": 90, "fields": {"action_time": "2017-11-07T02:45:57.785Z", "user": 7, "content_type": 11, "object_id": "4", "object_repr": "testuser3", "action_flag": 3, "change_message": ""}}, {"model": "admin.logentry", "pk": 91, "fields": {"action_time": "2017-11-07T02:46:02.020Z", "user": 7, "content_type": 11, "object_id": "5", "object_repr": "testuser4", "action_flag": 3, "change_message": ""}}, {"model": "admin.logentry", "pk": 92, "fields": {"action_time": "2017-11-07T02:46:07.064Z", "user": 7, "content_type": 11, "object_id": "6", "object_repr": "testuser5", "action_flag": 3, "change_message": ""}}, {"model": "admin.logentry", "pk": 93, "fields": {"action_time": "2017-11-07T02:49:25.449Z", "user": 7, "content_type": 11, "object_id": "8", "object_repr": "testuser1", "action_flag": 1, "change_message": "[{\"added\": {}}]"}}, {"model": "admin.logentry", "pk": 94, "fields": {"action_time": "2017-11-07T02:50:05.153Z", "user": 7, "content_type": 11, "object_id": "9", "object_repr": "testuser2", "action_flag": 1, "change_message": "[{\"added\": {}}]"}}, {"model": "admin.logentry", "pk": 95, "fields": {"action_time": "2017-11-07T02:51:29.257Z", "user": 7, "content_type": 11, "object_id": "10", "object_repr": "testuser3", "action_flag": 1, "change_message": "[{\"added\": {}}]"}}, {"model": "admin.logentry", "pk": 96, "fields": {"action_time": "2017-11-07T02:52:01.435Z", "user": 7, "content_type": 11, "object_id": "11", "object_repr": "testuser4", "action_flag": 1, "change_message": "[{\"added\": {}}]"}}, {"model": "admin.logentry", "pk": 97, "fields": {"action_time": "2017-11-07T02:52:26.165Z", "user": 7, "content_type": 11, "object_id": "12", "object_repr": "testuser5", "action_flag": 1, "change_message": "[{\"added\": {}}]"}}, {"model": "admin.logentry", "pk": 98, "fields": {"action_time": "2017-11-08T20:59:35.118Z", "user": 7, "content_type": 12, "object_id": "22", "object_repr": "Ambulance: BC-197 at SRID=4326;POINT (-117.0565065386489 32.50009354576783)", "action_flag": 2, "change_message": "[{\"changed\": {\"fields\": [\"location\"]}}]"}}, {"model": "admin.logentry", "pk": 99, "fields": {"action_time": "2017-11-08T20:59:48.671Z", "user": 7, "content_type": 12, "object_id": "21", "object_repr": "Ambulance: BC-190 at SRID=4326;POINT (-117.0100475341797 32.49723830826435)", "action_flag": 2, "change_message": "[{\"changed\": {\"fields\": [\"location\"]}}]"}}, {"model": "admin.logentry", "pk": 100, "fields": {"action_time": "2017-11-08T21:00:04.102Z", "user": 7, "content_type": 12, "object_id": "20", "object_repr": "Ambulance: BC-196 at SRID=4326;POINT (-117.0093608886719 32.51432098314989)", "action_flag": 2, "change_message": "[{\"changed\": {\"fields\": [\"location\"]}}]"}}, {"model": "admin.logentry", "pk": 101, "fields": {"action_time": "2017-11-08T21:00:18.303Z", "user": 7, "content_type": 12, "object_id": "19", "object_repr": "Ambulance: BC-184 at SRID=4326;POINT (-117.0333934814453 32.50071301352345)", "action_flag": 2, "change_message": "[{\"changed\": {\"fields\": [\"location\"]}}]"}}, {"model": "admin.logentry", "pk": 102, "fields": {"action_time": "2017-11-08T21:00:27.379Z", "user": 7, "content_type": 12, "object_id": "18", "object_repr": "Ambulance: BC-165 at SRID=4326;POINT (-117.027213671875 32.47291161324893)", "action_flag": 2, "change_message": "[{\"changed\": {\"fields\": [\"location\"]}}]"}}, {"model": "admin.logentry", "pk": 103, "fields": {"action_time": "2017-11-08T21:00:41.220Z", "user": 7, "content_type": 12, "object_id": "17", "object_repr": "Ambulance: BC-171 at SRID=4326;POINT (-117.045409777832 32.4879717713258)", "action_flag": 2, "change_message": "[{\"changed\": {\"fields\": [\"location\"]}}]"}}, {"model": "admin.logentry", "pk": 104, "fields": {"action_time": "2017-11-08T21:00:51.357Z", "user": 7, "content_type": 12, "object_id": "16", "object_repr": "Ambulance: BC-170 at SRID=4326;POINT (-117.0447231323242 32.50418758453828)", "action_flag": 2, "change_message": "[{\"changed\": {\"fields\": [\"location\"]}}]"}}, {"model": "admin.logentry", "pk": 105, "fields": {"action_time": "2017-11-08T21:00:59.901Z", "user": 7, "content_type": 12, "object_id": "15", "object_repr": "Ambulance: BC-169 at SRID=4326;POINT (-117.0464397460938 32.49608004334723)", "action_flag": 2, "change_message": "[{\"changed\": {\"fields\": [\"location\"]}}]"}}, {"model": "admin.logentry", "pk": 106, "fields": {"action_time": "2017-11-08T21:01:08.172Z", "user": 7, "content_type": 12, "object_id": "14", "object_repr": "Ambulance: BC-180 at SRID=4326;POINT (-117.0728755981445 32.46595992119347)", "action_flag": 2, "change_message": "[{\"changed\": {\"fields\": [\"location\"]}}]"}}, {"model": "admin.logentry", "pk": 107, "fields": {"action_time": "2017-11-08T21:01:16.603Z", "user": 7, "content_type": 12, "object_id": "13", "object_repr": "Ambulance: BC-177 at SRID=4326;POINT (-117.1048046142578 32.46248387390956)", "action_flag": 2, "change_message": "[{\"changed\": {\"fields\": [\"location\"]}}]"}}, {"model": "admin.logentry", "pk": 108, "fields": {"action_time": "2017-11-08T21:01:27.651Z", "user": 7, "content_type": 12, "object_id": "12", "object_repr": "Ambulance: BC-182 at SRID=4326;POINT (-116.9812084228516 32.5059248197017)", "action_flag": 2, "change_message": "[{\"changed\": {\"fields\": [\"location\"]}}]"}}, {"model": "admin.logentry", "pk": 109, "fields": {"action_time": "2017-11-08T21:01:36.697Z", "user": 7, "content_type": 12, "object_id": "11", "object_repr": "Ambulance: BC-027 at SRID=4326;POINT (-116.9496227294922 32.48102124227067)", "action_flag": 2, "change_message": "[{\"changed\": {\"fields\": [\"location\"]}}]"}}, {"model": "admin.logentry", "pk": 110, "fields": {"action_time": "2017-11-08T21:01:45.050Z", "user": 7, "content_type": 12, "object_id": "10", "object_repr": "Ambulance: BC-167 at SRID=4326;POINT (-117.0618892700195 32.4648012536727)", "action_flag": 2, "change_message": "[{\"changed\": {\"fields\": [\"location\"]}}]"}}, {"model": "admin.logentry", "pk": 111, "fields": {"action_time": "2017-11-08T21:01:52.123Z", "user": 7, "content_type": 12, "object_id": "9", "object_repr": "Ambulance: BC-174 at SRID=4326;POINT (-117.1099544555664 32.47407017641068)", "action_flag": 2, "change_message": "[{\"changed\": {\"fields\": [\"location\"]}}]"}}, {"model": "admin.logentry", "pk": 112, "fields": {"action_time": "2017-11-08T21:02:00.646Z", "user": 7, "content_type": 12, "object_id": "8", "object_repr": "Ambulance: BC-178 at SRID=4326;POINT (-117.0732189208984 32.52561113891419)", "action_flag": 2, "change_message": "[{\"changed\": {\"fields\": [\"location\"]}}]"}}, {"model": "admin.logentry", "pk": 113, "fields": {"action_time": "2017-11-08T21:02:08.835Z", "user": 7, "content_type": 12, "object_id": "7", "object_repr": "Ambulance: BC-172 at SRID=4326;POINT (-117.0787120849609 32.46451158446324)", "action_flag": 2, "change_message": "[{\"changed\": {\"fields\": [\"location\"]}}]"}}, {"model": "admin.logentry", "pk": 114, "fields": {"action_time": "2017-11-08T21:02:20.096Z", "user": 7, "content_type": 12, "object_id": "6", "object_repr": "Ambulance: BC-168 at SRID=4326;POINT (-117.0982814819336 32.46335289830839)", "action_flag": 2, "change_message": "[{\"changed\": {\"fields\": [\"location\"]}}]"}}, {"model": "admin.logentry", "pk": 115, "fields": {"action_time": "2017-11-08T21:02:30.284Z", "user": 7, "content_type": 12, "object_id": "5", "object_repr": "Ambulance: BC-175 at SRID=4326;POINT (-117.0004344970703 32.46190451965198)", "action_flag": 2, "change_message": "[{\"changed\": {\"fields\": [\"location\"]}}]"}}, {"model": "admin.logentry", "pk": 116, "fields": {"action_time": "2017-11-08T21:02:44.260Z", "user": 7, "content_type": 12, "object_id": "4", "object_repr": "Ambulance: BC-166 at SRID=4326;POINT (-117.0721889526367 32.4639322432492)", "action_flag": 2, "change_message": "[{\"changed\": {\"fields\": [\"location\"]}}]"}}, {"model": "admin.logentry", "pk": 117, "fields": {"action_time": "2017-11-08T21:02:55.196Z", "user": 7, "content_type": 12, "object_id": "3", "object_repr": "Ambulance: BC-179 at SRID=4326;POINT (-117.0951915771484 32.46306322444047)", "action_flag": 2, "change_message": "[{\"changed\": {\"fields\": [\"location\"]}}]"}}, {"model": "admin.logentry", "pk": 118, "fields": {"action_time": "2017-11-08T21:03:03.774Z", "user": 7, "content_type": 12, "object_id": "2", "object_repr": "Ambulance: BC-160 at SRID=4326;POINT (-117.0145107299805 32.51258391022083)", "action_flag": 2, "change_message": "[{\"changed\": {\"fields\": [\"location\"]}}]"}}, {"model": "admin.logentry", "pk": 119, "fields": {"action_time": "2017-11-08T21:08:36.216Z", "user": 7, "content_type": 12, "object_id": "22", "object_repr": "Ambulance: BC-197 at SRID=4326;POINT (-117.0565065386489 32.5000935457678)", "action_flag": 2, "change_message": "[]"}}, {"model": "admin.logentry", "pk": 120, "fields": {"action_time": "2017-11-08T21:08:42.089Z", "user": 7, "content_type": 12, "object_id": "21", "object_repr": "Ambulance: BC-190 at SRID=4326;POINT (-117.0100475341797 32.49723830826432)", "action_flag": 2, "change_message": "[]"}}, {"model": "admin.logentry", "pk": 121, "fields": {"action_time": "2017-11-08T21:08:47.935Z", "user": 7, "content_type": 12, "object_id": "16", "object_repr": "Ambulance: BC-170 at SRID=4326;POINT (-117.0447231323242 32.50418758453825)", "action_flag": 2, "change_message": "[]"}}, {"model": "admin.logentry", "pk": 122, "fields": {"action_time": "2017-11-08T21:08:55.225Z", "user": 7, "content_type": 12, "object_id": "19", "object_repr": "Ambulance: BC-184 at SRID=4326;POINT (-117.0539928466797 32.46711857380666)", "action_flag": 2, "change_message": "[{\"changed\": {\"fields\": [\"location\"]}}]"}}, {"model": "admin.logentry", "pk": 123, "fields": {"action_time": "2017-11-08T21:15:41.323Z", "user": 7, "content_type": 11, "object_id": "7", "object_repr": "admin", "action_flag": 2, "change_message": "[{\"changed\": {\"fields\": [\"hospitals\", \"ambulances\"]}}]"}}, {"model": "admin.logentry", "pk": 124, "fields": {"action_time": "2017-11-08T21:16:16.209Z", "user": 7, "content_type": 11, "object_id": "8", "object_repr": "testuser1", "action_flag": 2, "change_message": "[{\"changed\": {\"fields\": [\"hospitals\", \"ambulances\"]}}]"}}, {"model": "admin.logentry", "pk": 125, "fields": {"action_time": "2017-11-08T21:16:21.088Z", "user": 7, "content_type": 11, "object_id": "8", "object_repr": "testuser1", "action_flag": 2, "change_message": "[]"}}, {"model": "admin.logentry", "pk": 126, "fields": {"action_time": "2017-11-08T21:16:34.056Z", "user": 7, "content_type": 11, "object_id": "9", "object_repr": "testuser2", "action_flag": 2, "change_message": "[{\"changed\": {\"fields\": [\"hospitals\", \"ambulances\"]}}]"}}, {"model": "admin.logentry", "pk": 127, "fields": {"action_time": "2017-11-08T21:16:52.059Z", "user": 7, "content_type": 11, "object_id": "10", "object_repr": "testuser3", "action_flag": 2, "change_message": "[{\"changed\": {\"fields\": [\"hospitals\", \"ambulances\"]}}]"}}, {"model": "admin.logentry", "pk": 128, "fields": {"action_time": "2017-11-08T21:17:20.721Z", "user": 7, "content_type": 11, "object_id": "11", "object_repr": "testuser4", "action_flag": 2, "change_message": "[{\"changed\": {\"fields\": [\"hospitals\", \"ambulances\"]}}]"}}, {"model": "admin.logentry", "pk": 129, "fields": {"action_time": "2017-11-08T21:17:38.459Z", "user": 7, "content_type": 11, "object_id": "12", "object_repr": "testuser5", "action_flag": 2, "change_message": "[{\"changed\": {\"fields\": [\"hospitals\", \"ambulances\"]}}]"}}, {"model": "admin.logentry", "pk": 130, "fields": {"action_time": "2017-11-08T21:17:46.250Z", "user": 7, "content_type": 11, "object_id": "12", "object_repr": "testuser5", "action_flag": 2, "change_message": "[]"}}, {"model": "admin.logentry", "pk": 131, "fields": {"action_time": "2017-11-08T21:19:08.038Z", "user": 7, "content_type": 4, "object_id": "14", "object_repr": "(A): None, None", "action_flag": 1, "change_message": "[{\"added\": {}}]"}}, {"model": "admin.logentry", "pk": 132, "fields": {"action_time": "2017-11-08T21:19:29.452Z", "user": 7, "content_type": 4, "object_id": "14", "object_repr": "(A): None, None", "action_flag": 2, "change_message": "[{\"changed\": {\"fields\": [\"assignment\", \"description\"]}}]"}}, {"model": "admin.logentry", "pk": 133, "fields": {"action_time": "2017-11-08T21:19:47.355Z", "user": 7, "content_type": 4, "object_id": "14", "object_repr": "(A): Unit B, 2633", "action_flag": 2, "change_message": "[{\"changed\": {\"fields\": [\"residential_unit\", \"stmain_number\"]}}]"}}]