[{"model": "ambulances.status", "pk": 1, "fields": {"name": "active"}}, {"model": "ambulances.status", "pk": 2, "fields": {"name": "idle"}}, {"model": "ambulances.status", "pk": 3, "fields": {"name": "out of service"}}, {"model": "ambulances.capability", "pk": 1, "fields": {"name": "cap_1"}}, {"model": "ambulances.capability", "pk": 2, "fields": {"name": "cap_2"}}, {"model": "ambulances.capability", "pk": 3, "fields": {"name": "cap_3"}}, {"model": "ambulances.capability", "pk": 4, "fields": {"name": "cap_4"}}, {"model": "ambulances.capability", "pk": 5, "fields": {"name": "cap_5"}}, {"model": "ambulances.ambulances", "pk": 3, "fields": {"license_plate": "1", "name": "One", "status": 1, "orientation": 1.0, "priority": "High", "capability": 1}}, {"model": "ambulances.ambulances", "pk": 4, "fields": {"license_plate": "2", "name": "Two", "status": 2, "orientation": 2.0, "priority": "High", "capability": 2}}, {"model": "ambulances.ambulances", "pk": 5, "fields": {"license_plate": "3", "name": "Three", "status": 1, "orientation": 3.0, "priority": "Low", "capability": 3}}, {"model": "ambulances.ambulances", "pk": 6, "fields": {"license_plate": "4", "name": "Four", "status": 2, "orientation": 4.0, "priority": "High", "capability": 4}}, {"model": "ambulances.ambulances", "pk": 7, "fields": {"license_plate": "5", "name": "Five", "status": 2, "orientation": -1.0, "priority": "High", "capability": 5}}, {"model": "ambulances.ambulances", "pk": 8, "fields": {"license_plate": "6", "name": "Six", "status": 3, "orientation": -3.0, "priority": "Low", "capability": 1}}, {"model": "ambulances.ambulances", "pk": 9, "fields": {"license_plate": "7", "name": "Seven", "status": 3, "orientation": 3.0, "priority": "High", "capability": 2}}, {"model": "ambulances.ambulances", "pk": 10, "fields": {"license_plate": "8", "name": "Eight", "status": 3, "orientation": -3.0, "priority": "High", "capability": 3}}, {"model": "ambulances.call", "pk": 1, "fields": {"name": "Joe", "residential_unit": "3", "stmain_number": "4", "delegation": "5", "zipcode": "22500", "city": "Tijuana", "state": "Baja California", "location": "SRID=4326;POINT (-117.0382 32.51489999999998)", "assignment": "None", "description": "None", "ambulance": "None", "call_time": "2017-05-24T23:19:00Z", "departure_time": null, "transfer_time": null, "hospital_time": null, "base_time": null, "priority": "A"}}, {"model": "ambulances.call", "pk": 2, "fields": {"name": "", "residential_unit": "None", "stmain_number": "Tijuana River National Estuarine Research Reserve, San Diego County, CA, United States", "delegation": "None", "zipcode": "22500", "city": "Tijuana", "state": "Baja California", "location": "SRID=4326;POINT (-117.0382 32.5149)", "assignment": "None", "description": "injury test", "ambulance": "None", "call_time": "2017-05-24T23:21:01.970Z", "departure_time": null, "transfer_time": null, "hospital_time": null, "base_time": null, "priority": "A"}}, {"model": "ambulances.call", "pk": 3, "fields": {"name": "", "residential_unit": "None", "stmain_number": "Tijuana River, Imperial Beach, CA, United States", "delegation": "None", "zipcode": "22500", "city": "Tijuana", "state": "Baja California", "location": "SRID=4326;POINT (-117.0382 32.5149)", "assignment": "None", "description": "TEST", "ambulance": "None", "call_time": "2017-05-24T23:41:04.409Z", "departure_time": null, "transfer_time": null, "hospital_time": null, "base_time": null, "priority": "C"}}, {"model": "ambulances.region", "pk": 1, "fields": {"name": "Region_1", "center": "SRID=4326;POINT (0.06278114324190373 0.03701381426788061)"}}, {"model": "ambulances.region", "pk": 2, "fields": {"name": "Region_2", "center": "SRID=4326;POINT (-0.1226879281048728 0.05811322531475857)"}}, {"model": "ambulances.hospital", "pk": 1, "fields": {"name": "general", "address": "123"}}, {"model": "ambulances.hospital", "pk": 2, "fields": {"name": "test", "address": "1234"}}, {"model": "ambulances.hospital", "pk": 3, "fields": {"name": "private", "address": "12345"}}, {"model": "ambulances.equipment", "pk": 1, "fields": {"name": "xray", "toggleable": true}}, {"model": "ambulances.equipment", "pk": 2, "fields": {"name": "bed", "toggleable": true}}, {"model": "ambulances.equipment", "pk": 3, "fields": {"name": "mri", "toggleable": true}}, {"model": "ambulances.equipment", "pk": 4, "fields": {"name": "syringe", "toggleable": true}}, {"model": "ambulances.equipmentcount", "pk": 1, "fields": {"hospital": 1, "equipment": 1, "quantity": 55}}, {"model": "ambulances.equipmentcount", "pk": 2, "fields": {"hospital": 3, "equipment": 2, "quantity": 2}}, {"model": "ambulances.equipmentcount", "pk": 3, "fields": {"hospital": 2, "equipment": 3, "quantity": 7}}, {"model": "ambulances.equipmentcount", "pk": 4, "fields": {"hospital": 1, "equipment": 4, "quantity": 1000}}, {"model": "contenttypes.contenttype", "pk": 1, "fields": {"app_label": "ambulances", "model": "call"}}, {"model": "contenttypes.contenttype", "pk": 2, "fields": {"app_label": "ambulances", "model": "region"}}, {"model": "contenttypes.contenttype", "pk": 3, "fields": {"app_label": "ambulances", "model": "status"}}, {"model": "contenttypes.contenttype", "pk": 4, "fields": {"app_label": "ambulances", "model": "ambulances"}}, {"model": "contenttypes.contenttype", "pk": 5, "fields": {"app_label": "ambulances", "model": "trackabledevice"}}, {"model": "contenttypes.contenttype", "pk": 6, "fields": {"app_label": "admin", "model": "logentry"}}, {"model": "contenttypes.contenttype", "pk": 7, "fields": {"app_label": "auth", "model": "user"}}, {"model": "contenttypes.contenttype", "pk": 8, "fields": {"app_label": "auth", "model": "group"}}, {"model": "contenttypes.contenttype", "pk": 9, "fields": {"app_label": "auth", "model": "permission"}}, {"model": "contenttypes.contenttype", "pk": 10, "fields": {"app_label": "contenttypes", "model": "contenttype"}}, {"model": "contenttypes.contenttype", "pk": 11, "fields": {"app_label": "sessions", "model": "session"}}, {"model": "contenttypes.contenttype", "pk": 12, "fields": {"app_label": "ambulances", "model": "equipment"}}, {"model": "contenttypes.contenttype", "pk": 13, "fields": {"app_label": "ambulances", "model": "hospital"}}, {"model": "contenttypes.contenttype", "pk": 14, "fields": {"app_label": "ambulances", "model": "equipmentcount"}}, {"model": "contenttypes.contenttype", "pk": 15, "fields": {"app_label": "ambulances", "model": "base"}}, {"model": "contenttypes.contenttype", "pk": 16, "fields": {"app_label": "ambulances", "model": "route"}}, {"model": "contenttypes.contenttype", "pk": 17, "fields": {"app_label": "ambulances", "model": "locationpoint"}}, {"model": "contenttypes.contenttype", "pk": 18, "fields": {"app_label": "ambulances", "model": "capability"}}, {"model": "sessions.session", "pk": "06184z5wqeq2n9v50ykjb5ce61je80hr", "fields": {"session_data": "ZjBiYjA2NjBiNThhZjRhY2NmNDY4NGVmNmI3YWVmNWRkYTgyOTk0Nzp7Il9hdXRoX3VzZXJfYmFja2VuZCI6ImRqYW5nby5jb250cmliLmF1dGguYmFja2VuZHMuTW9kZWxCYWNrZW5kIiwiX2F1dGhfdXNlcl9pZCI6IjEiLCJfYXV0aF91c2VyX2hhc2giOiI2ZWZiYjdmNDA2OTc3ZmFkYzlmYTRiYzM0YWE3ZDk1YjVmM2UyN2NjIn0=", "expire_date": "2017-05-11T04:16:52.537Z"}}, {"model": "sessions.session", "pk": "0qh9uty8le6p4gasop3waozzbf54m41j", "fields": {"session_data": "ZjBiYjA2NjBiNThhZjRhY2NmNDY4NGVmNmI3YWVmNWRkYTgyOTk0Nzp7Il9hdXRoX3VzZXJfYmFja2VuZCI6ImRqYW5nby5jb250cmliLmF1dGguYmFja2VuZHMuTW9kZWxCYWNrZW5kIiwiX2F1dGhfdXNlcl9pZCI6IjEiLCJfYXV0aF91c2VyX2hhc2giOiI2ZWZiYjdmNDA2OTc3ZmFkYzlmYTRiYzM0YWE3ZDk1YjVmM2UyN2NjIn0=", "expire_date": "2017-05-06T00:07:11.204Z"}}, {"model": "sessions.session", "pk": "8nvo448oz6k4d0vyt8iw9s54xnd54ine", "fields": {"session_data": "N2ViMzk1ZTJhMzU5NWI2Nzk5NTkyNjU0ZWM2M2NmOTZiYjhmOTJlZjp7Il9hdXRoX3VzZXJfYmFja2VuZCI6ImRqYW5nby5jb250cmliLmF1dGguYmFja2VuZHMuTW9kZWxCYWNrZW5kIiwiX2F1dGhfdXNlcl9oYXNoIjoiNmVmYmI3ZjQwNjk3N2ZhZGM5ZmE0YmMzNGFhN2Q5NWI1ZjNlMjdjYyIsIl9hdXRoX3VzZXJfaWQiOiIxIn0=", "expire_date": "2017-05-07T01:41:09.032Z"}}, {"model": "sessions.session", "pk": "9er8loiwxyhsbqhbnag78pcnd9kr7vj2", "fields": {"session_data": "YzQ5YjBlNTM4ZjZhYzVmZDBhNDczZDcwYmI2MDQwMWRlMjA0MzhmNDp7Il9hdXRoX3VzZXJfaWQiOiI1IiwiX2F1dGhfdXNlcl9iYWNrZW5kIjoiZGphbmdvLmNvbnRyaWIuYXV0aC5iYWNrZW5kcy5Nb2RlbEJhY2tlbmQiLCJfYXV0aF91c2VyX2hhc2giOiI3YmE1NTM1NmIyOWUxYzVmZDFmZTAyODljNGJlNWMyNDk2OTEzNWM1In0=", "expire_date": "2017-05-22T06:41:50.495Z"}}, {"model": "sessions.session", "pk": "9w40kpvrawt0mpmfnunfdd9qwqe3db6m", "fields": {"session_data": "OWZjMzc0ZmY5NWFhOTIyM2Y0YTZjNDFkOGEwN2Q3ZTNkYTAwNTZiZjp7Il9hdXRoX3VzZXJfaGFzaCI6IjdiYTU1MzU2YjI5ZTFjNWZkMWZlMDI4OWM0YmU1YzI0OTY5MTM1YzUiLCJfYXV0aF91c2VyX2JhY2tlbmQiOiJkamFuZ28uY29udHJpYi5hdXRoLmJhY2tlbmRzLk1vZGVsQmFja2VuZCIsIl9hdXRoX3VzZXJfaWQiOiI1In0=", "expire_date": "2017-05-19T08:22:36.345Z"}}, {"model": "sessions.session", "pk": "a5sld9mhm8nwh9z7tecxndax6fchlxjf", "fields": {"session_data": "MWE4MTVmZDdiNTE2MDFkYzA2OTVmYWY1ODJmYjQ5ZTI3MTQwZmYxMzp7Il9hdXRoX3VzZXJfaGFzaCI6IjdiYTU1MzU2YjI5ZTFjNWZkMWZlMDI4OWM0YmU1YzI0OTY5MTM1YzUiLCJfYXV0aF91c2VyX2lkIjoiNSIsIl9hdXRoX3VzZXJfYmFja2VuZCI6ImRqYW5nby5jb250cmliLmF1dGguYmFja2VuZHMuTW9kZWxCYWNrZW5kIn0=", "expire_date": "2017-05-21T04:47:19.959Z"}}, {"model": "sessions.session", "pk": "cnrflqqafu4xhey2zsyl0roaufegtivy", "fields": {"session_data": "ZjBiYjA2NjBiNThhZjRhY2NmNDY4NGVmNmI3YWVmNWRkYTgyOTk0Nzp7Il9hdXRoX3VzZXJfYmFja2VuZCI6ImRqYW5nby5jb250cmliLmF1dGguYmFja2VuZHMuTW9kZWxCYWNrZW5kIiwiX2F1dGhfdXNlcl9pZCI6IjEiLCJfYXV0aF91c2VyX2hhc2giOiI2ZWZiYjdmNDA2OTc3ZmFkYzlmYTRiYzM0YWE3ZDk1YjVmM2UyN2NjIn0=", "expire_date": "2017-04-22T01:42:21.658Z"}}, {"model": "sessions.session", "pk": "cnum7sijsmpzh13qazg8pji5teqcsy1k", "fields": {"session_data": "M2ZhNmQ5YjY3NTgyYTU0NTk4OWVkMmM2YzA1MmI1NmRhMDBkNjZlOTp7Il9hdXRoX3VzZXJfYmFja2VuZCI6ImRqYW5nby5jb250cmliLmF1dGguYmFja2VuZHMuTW9kZWxCYWNrZW5kIiwiX2F1dGhfdXNlcl9pZCI6IjIiLCJfYXV0aF91c2VyX2hhc2giOiIyMGVmNmFjYjNjZGRiZWE1OWU0NDFjMDQyNzExODNiYWIyY2IyM2M3In0=", "expire_date": "2017-04-26T05:43:17.052Z"}}, {"model": "sessions.session", "pk": "cyyfn7wrv2q64s08fq9s93333en98jcq", "fields": {"session_data": "ZTU3NzdkMjllOTIzMzI3MDI5MDQzZWQxOTVkZmM3ODY1NjY5ZDMwOTp7fQ==", "expire_date": "2017-05-07T00:48:42.272Z"}}, {"model": "sessions.session", "pk": "hcvo9x7ikczb67mtz4hdtmv7xi0g7xvt", "fields": {"session_data": "ZTU3NzdkMjllOTIzMzI3MDI5MDQzZWQxOTVkZmM3ODY1NjY5ZDMwOTp7fQ==", "expire_date": "2017-05-04T21:44:15.616Z"}}, {"model": "sessions.session", "pk": "i0y1b7x4jtzntnwimsmqj6rny8heotge", "fields": {"session_data": "ZTU3NzdkMjllOTIzMzI3MDI5MDQzZWQxOTVkZmM3ODY1NjY5ZDMwOTp7fQ==", "expire_date": "2017-05-04T22:57:22.603Z"}}, {"model": "sessions.session", "pk": "pj8phxx5bj16gcwirst3trvsht2m08qt", "fields": {"session_data": "OTFkMDkxYjIwMDQ3Y2RlZDIzNzkzYWI4ZDIzMmUzYjYyMTliMGRjNzp7Il9hdXRoX3VzZXJfaWQiOiIxIiwiX2F1dGhfdXNlcl9oYXNoIjoiNmVmYmI3ZjQwNjk3N2ZhZGM5ZmE0YmMzNGFhN2Q5NWI1ZjNlMjdjYyIsIl9hdXRoX3VzZXJfYmFja2VuZCI6ImRqYW5nby5jb250cmliLmF1dGguYmFja2VuZHMuTW9kZWxCYWNrZW5kIn0=", "expire_date": "2017-04-21T21:43:12.814Z"}}, {"model": "sessions.session", "pk": "qd60oj6tuqwc8ost4f06owl9mt64cuav", "fields": {"session_data": "YmU3ODliYWQxZDYxMmRkNGU5N2M3ZjI2NTM4MTZjNzE3MDlmMDU5Mzp7Il9hdXRoX3VzZXJfaWQiOiI1IiwiX2F1dGhfdXNlcl9oYXNoIjoiN2JhNTUzNTZiMjllMWM1ZmQxZmUwMjg5YzRiZTVjMjQ5NjkxMzVjNSIsIl9hdXRoX3VzZXJfYmFja2VuZCI6ImRqYW5nby5jb250cmliLmF1dGguYmFja2VuZHMuTW9kZWxCYWNrZW5kIn0=", "expire_date": "2017-05-25T00:46:27.723Z"}}, {"model": "sessions.session", "pk": "qofdztq9wh6xy4qbqgsgqqx4wovwzh4l", "fields": {"session_data": "YzQ5YjBlNTM4ZjZhYzVmZDBhNDczZDcwYmI2MDQwMWRlMjA0MzhmNDp7Il9hdXRoX3VzZXJfaWQiOiI1IiwiX2F1dGhfdXNlcl9iYWNrZW5kIjoiZGphbmdvLmNvbnRyaWIuYXV0aC5iYWNrZW5kcy5Nb2RlbEJhY2tlbmQiLCJfYXV0aF91c2VyX2hhc2giOiI3YmE1NTM1NmIyOWUxYzVmZDFmZTAyODljNGJlNWMyNDk2OTEzNWM1In0=", "expire_date": "2017-05-19T18:52:27.196Z"}}, {"model": "sessions.session", "pk": "qxim5zhyo4y6bce7g1yh879dscv2dt3w", "fields": {"session_data": "NWE5OTZkZmZmMmE0ZWRjMjhiYzU3Njk2ZGFmNzdhYzAwMmUxODFhOTp7Il9hdXRoX3VzZXJfYmFja2VuZCI6ImRqYW5nby5jb250cmliLmF1dGguYmFja2VuZHMuTW9kZWxCYWNrZW5kIiwiX2F1dGhfdXNlcl9pZCI6IjEiLCJfYXV0aF91c2VyX2hhc2giOiI1NTEwZjhiZjFkMzMzNWIyNGMyYjI2ZjFlOTA0NGIwYzJkYWIzYTExIn0=", "expire_date": "2017-05-18T23:36:26.750Z"}}, {"model": "sessions.session", "pk": "sjzbxai7jm5pgoemzzcwu5pbjfbmfdog", "fields": {"session_data": "NTE4NzdiOWYxMGNlZDMwYjczOTBhZWJjMTk4YzE4NWI0YjViYjIzNjp7Il9hdXRoX3VzZXJfaWQiOiIxIiwiX2F1dGhfdXNlcl9iYWNrZW5kIjoiZGphbmdvLmNvbnRyaWIuYXV0aC5iYWNrZW5kcy5Nb2RlbEJhY2tlbmQiLCJfYXV0aF91c2VyX2hhc2giOiI2ZWZiYjdmNDA2OTc3ZmFkYzlmYTRiYzM0YWE3ZDk1YjVmM2UyN2NjIn0=", "expire_date": "2017-05-02T23:28:25.944Z"}}, {"model": "sessions.session", "pk": "veklo9gxfv69eorprnzrgctw1d4rndlg", "fields": {"session_data": "ZjMzYmRjNDVjODRhYTMyYjEyYzUyNzMyY2NmNDkyMjhiMzMwMmVkMDp7Il9hdXRoX3VzZXJfYmFja2VuZCI6ImRqYW5nby5jb250cmliLmF1dGguYmFja2VuZHMuTW9kZWxCYWNrZW5kIiwiX2F1dGhfdXNlcl9pZCI6IjUiLCJfYXV0aF91c2VyX2hhc2giOiI3YmE1NTM1NmIyOWUxYzVmZDFmZTAyODljNGJlNWMyNDk2OTEzNWM1In0=", "expire_date": "2017-05-19T01:39:13.809Z"}}, {"model": "sessions.session", "pk": "wflqvn4slxkxw6jior1zs9niu7x3xdvj", "fields": {"session_data": "YzQ5YjBlNTM4ZjZhYzVmZDBhNDczZDcwYmI2MDQwMWRlMjA0MzhmNDp7Il9hdXRoX3VzZXJfaWQiOiI1IiwiX2F1dGhfdXNlcl9iYWNrZW5kIjoiZGphbmdvLmNvbnRyaWIuYXV0aC5iYWNrZW5kcy5Nb2RlbEJhY2tlbmQiLCJfYXV0aF91c2VyX2hhc2giOiI3YmE1NTM1NmIyOWUxYzVmZDFmZTAyODljNGJlNWMyNDk2OTEzNWM1In0=", "expire_date": "2017-05-21T08:38:01.376Z"}}, {"model": "sessions.session", "pk": "xggbqwsdirhp99s5hzb2thhj8lgkktyz", "fields": {"session_data": "OTFkMDkxYjIwMDQ3Y2RlZDIzNzkzYWI4ZDIzMmUzYjYyMTliMGRjNzp7Il9hdXRoX3VzZXJfaWQiOiIxIiwiX2F1dGhfdXNlcl9oYXNoIjoiNmVmYmI3ZjQwNjk3N2ZhZGM5ZmE0YmMzNGFhN2Q5NWI1ZjNlMjdjYyIsIl9hdXRoX3VzZXJfYmFja2VuZCI6ImRqYW5nby5jb250cmliLmF1dGguYmFja2VuZHMuTW9kZWxCYWNrZW5kIn0=", "expire_date": "2017-05-04T00:36:38.235Z"}}, {"model": "sessions.session", "pk": "z3jsf9xteq6h6nfvxo35wih4dqed13ix", "fields": {"session_data": "N2ViMzk1ZTJhMzU5NWI2Nzk5NTkyNjU0ZWM2M2NmOTZiYjhmOTJlZjp7Il9hdXRoX3VzZXJfYmFja2VuZCI6ImRqYW5nby5jb250cmliLmF1dGguYmFja2VuZHMuTW9kZWxCYWNrZW5kIiwiX2F1dGhfdXNlcl9oYXNoIjoiNmVmYmI3ZjQwNjk3N2ZhZGM5ZmE0YmMzNGFhN2Q5NWI1ZjNlMjdjYyIsIl9hdXRoX3VzZXJfaWQiOiIxIn0=", "expire_date": "2017-05-17T20:32:49.237Z"}}, {"model": "auth.permission", "pk": 1, "fields": {"name": "Can add call", "content_type": 1, "codename": "add_call"}}, {"model": "auth.permission", "pk": 2, "fields": {"name": "Can change call", "content_type": 1, "codename": "change_call"}}, {"model": "auth.permission", "pk": 3, "fields": {"name": "Can delete call", "content_type": 1, "codename": "delete_call"}}, {"model": "auth.permission", "pk": 4, "fields": {"name": "Can add region", "content_type": 2, "codename": "add_region"}}, {"model": "auth.permission", "pk": 5, "fields": {"name": "Can change region", "content_type": 2, "codename": "change_region"}}, {"model": "auth.permission", "pk": 6, "fields": {"name": "Can delete region", "content_type": 2, "codename": "delete_region"}}, {"model": "auth.permission", "pk": 7, "fields": {"name": "Can add status", "content_type": 3, "codename": "add_status"}}, {"model": "auth.permission", "pk": 8, "fields": {"name": "Can change status", "content_type": 3, "codename": "change_status"}}, {"model": "auth.permission", "pk": 9, "fields": {"name": "Can delete status", "content_type": 3, "codename": "delete_status"}}, {"model": "auth.permission", "pk": 10, "fields": {"name": "Can add ambulances", "content_type": 4, "codename": "add_ambulances"}}, {"model": "auth.permission", "pk": 11, "fields": {"name": "Can change ambulances", "content_type": 4, "codename": "change_ambulances"}}, {"model": "auth.permission", "pk": 12, "fields": {"name": "Can delete ambulances", "content_type": 4, "codename": "delete_ambulances"}}, {"model": "auth.permission", "pk": 13, "fields": {"name": "Can add trackable device", "content_type": 5, "codename": "add_trackabledevice"}}, {"model": "auth.permission", "pk": 14, "fields": {"name": "Can change trackable device", "content_type": 5, "codename": "change_trackabledevice"}}, {"model": "auth.permission", "pk": 15, "fields": {"name": "Can delete trackable device", "content_type": 5, "codename": "delete_trackabledevice"}}, {"model": "auth.permission", "pk": 16, "fields": {"name": "Can add log entry", "content_type": 6, "codename": "add_logentry"}}, {"model": "auth.permission", "pk": 17, "fields": {"name": "Can change log entry", "content_type": 6, "codename": "change_logentry"}}, {"model": "auth.permission", "pk": 18, "fields": {"name": "Can delete log entry", "content_type": 6, "codename": "delete_logentry"}}, {"model": "auth.permission", "pk": 19, "fields": {"name": "Can add user", "content_type": 7, "codename": "add_user"}}, {"model": "auth.permission", "pk": 20, "fields": {"name": "Can change user", "content_type": 7, "codename": "change_user"}}, {"model": "auth.permission", "pk": 21, "fields": {"name": "Can delete user", "content_type": 7, "codename": "delete_user"}}, {"model": "auth.permission", "pk": 22, "fields": {"name": "Can add group", "content_type": 8, "codename": "add_group"}}, {"model": "auth.permission", "pk": 23, "fields": {"name": "Can change group", "content_type": 8, "codename": "change_group"}}, {"model": "auth.permission", "pk": 24, "fields": {"name": "Can delete group", "content_type": 8, "codename": "delete_group"}}, {"model": "auth.permission", "pk": 25, "fields": {"name": "Can add permission", "content_type": 9, "codename": "add_permission"}}, {"model": "auth.permission", "pk": 26, "fields": {"name": "Can change permission", "content_type": 9, "codename": "change_permission"}}, {"model": "auth.permission", "pk": 27, "fields": {"name": "Can delete permission", "content_type": 9, "codename": "delete_permission"}}, {"model": "auth.permission", "pk": 28, "fields": {"name": "Can add content type", "content_type": 10, "codename": "add_contenttype"}}, {"model": "auth.permission", "pk": 29, "fields": {"name": "Can change content type", "content_type": 10, "codename": "change_contenttype"}}, {"model": "auth.permission", "pk": 30, "fields": {"name": "Can delete content type", "content_type": 10, "codename": "delete_contenttype"}}, {"model": "auth.permission", "pk": 31, "fields": {"name": "Can add session", "content_type": 11, "codename": "add_session"}}, {"model": "auth.permission", "pk": 32, "fields": {"name": "Can change session", "content_type": 11, "codename": "change_session"}}, {"model": "auth.permission", "pk": 33, "fields": {"name": "Can delete session", "content_type": 11, "codename": "delete_session"}}, {"model": "auth.permission", "pk": 34, "fields": {"name": "Can add equipment", "content_type": 12, "codename": "add_equipment"}}, {"model": "auth.permission", "pk": 35, "fields": {"name": "Can change equipment", "content_type": 12, "codename": "change_equipment"}}, {"model": "auth.permission", "pk": 36, "fields": {"name": "Can delete equipment", "content_type": 12, "codename": "delete_equipment"}}, {"model": "auth.permission", "pk": 37, "fields": {"name": "Can add hospital", "content_type": 13, "codename": "add_hospital"}}, {"model": "auth.permission", "pk": 38, "fields": {"name": "Can change hospital", "content_type": 13, "codename": "change_hospital"}}, {"model": "auth.permission", "pk": 39, "fields": {"name": "Can delete hospital", "content_type": 13, "codename": "delete_hospital"}}, {"model": "auth.permission", "pk": 40, "fields": {"name": "Can add equipment count", "content_type": 14, "codename": "add_equipmentcount"}}, {"model": "auth.permission", "pk": 41, "fields": {"name": "Can change equipment count", "content_type": 14, "codename": "change_equipmentcount"}}, {"model": "auth.permission", "pk": 42, "fields": {"name": "Can delete equipment count", "content_type": 14, "codename": "delete_equipmentcount"}}, {"model": "auth.permission", "pk": 43, "fields": {"name": "Can add base", "content_type": 15, "codename": "add_base"}}, {"model": "auth.permission", "pk": 44, "fields": {"name": "Can change base", "content_type": 15, "codename": "change_base"}}, {"model": "auth.permission", "pk": 45, "fields": {"name": "Can delete base", "content_type": 15, "codename": "delete_base"}}, {"model": "auth.permission", "pk": 46, "fields": {"name": "Can add route", "content_type": 16, "codename": "add_route"}}, {"model": "auth.permission", "pk": 47, "fields": {"name": "Can change route", "content_type": 16, "codename": "change_route"}}, {"model": "auth.permission", "pk": 48, "fields": {"name": "Can delete route", "content_type": 16, "codename": "delete_route"}}, {"model": "auth.permission", "pk": 49, "fields": {"name": "Can add location point", "content_type": 17, "codename": "add_locationpoint"}}, {"model": "auth.permission", "pk": 50, "fields": {"name": "Can change location point", "content_type": 17, "codename": "change_locationpoint"}}, {"model": "auth.permission", "pk": 51, "fields": {"name": "Can delete location point", "content_type": 17, "codename": "delete_locationpoint"}}, {"model": "auth.permission", "pk": 52, "fields": {"name": "Can add capabilities", "content_type": 18, "codename": "add_capabilities"}}, {"model": "auth.permission", "pk": 53, "fields": {"name": "Can change capabilities", "content_type": 18, "codename": "change_capabilities"}}, {"model": "auth.permission", "pk": 54, "fields": {"name": "Can delete capabilities", "content_type": 18, "codename": "delete_capabilities"}}, {"model": "auth.permission", "pk": 55, "fields": {"name": "Can add capability", "content_type": 18, "codename": "add_capability"}}, {"model": "auth.permission", "pk": 56, "fields": {"name": "Can change capability", "content_type": 18, "codename": "change_capability"}}, {"model": "auth.permission", "pk": 57, "fields": {"name": "Can delete capability", "content_type": 18, "codename": "delete_capability"}}, {"model": "auth.group", "pk": 1, "fields": {"name": "Driver", "permissions": []}}, {"model": "auth.group", "pk": 2, "fields": {"name": "Dispatcher", "permissions": []}}, {"model": "auth.group", "pk": 3, "fields": {"name": "Hospital Staff", "permissions": []}}, {"model": "auth.group", "pk": 4, "fields": {"name": "Admin", "permissions": []}}, {"model": "auth.user", "pk": 5, "fields": {"password": "pbkdf2_sha256$36000$dA6hKEBFgWdb$Gd0aIY+scmh/vWmdd74KcbywCMiIrDPFgDiGJXoWKcw=", "last_login": "2017-05-24T23:15:10.377Z", "is_superuser": true, "username": "ashleyzhao", "first_name": "", "last_name": "", "email": "ashizhao@gmail.com", "is_staff": true, "is_active": true, "date_joined": "2017-05-19T00:37:34.129Z", "groups": [], "user_permissions": []}}, {"model": "auth.user", "pk": 6, "fields": {"password": "pbkdf2_sha256$36000$Bo4DB4lxsisU$hCTaOIVa6sHsdWTnbGNQWsFKQqjK0XQodZ0yATfGVkA=", "last_login": "2017-05-24T23:48:00Z", "is_superuser": false, "username": "test", "first_name": "Test", "last_name": "Test", "email": "test@test.com", "is_staff": false, "is_active": true, "date_joined": "2017-05-24T23:48:00Z", "groups": [], "user_permissions": []}}, {"model": "auth.user", "pk": 7, "fields": {"password": "pbkdf2_sha256$36000$qV0af9FIou4l$EaGqX4NEEFnRMj5GVYk/RWXO5fcauukotIAiTCAqckg=", "last_login": "2017-05-24T23:50:00Z", "is_superuser": false, "username": "driver", "first_name": "Driver", "last_name": "Driver", "email": "driver@driver.com", "is_staff": false, "is_active": true, "date_joined": "2017-05-24T23:49:00Z", "groups": [], "user_permissions": []}}, {"model": "admin.logentry", "pk": 1, "fields": {"action_time": "2017-05-19T00:38:20.268Z", "user": 5, "content_type": 13, "object_id": "1", "object_repr": "general", "action_flag": 1, "change_message": "[{\"added\": {}}]"}}, {"model": "admin.logentry", "pk": 2, "fields": {"action_time": "2017-05-19T00:38:33.062Z", "user": 5, "content_type": 13, "object_id": "2", "object_repr": "test", "action_flag": 1, "change_message": "[{\"added\": {}}]"}}, {"model": "admin.logentry", "pk": 3, "fields": {"action_time": "2017-05-19T00:38:50.635Z", "user": 5, "content_type": 12, "object_id": "1", "object_repr": "xray", "action_flag": 1, "change_message": "[{\"added\": {}}]"}}, {"model": "admin.logentry", "pk": 4, "fields": {"action_time": "2017-05-19T00:38:53.853Z", "user": 5, "content_type": 12, "object_id": "1", "object_repr": "xray", "action_flag": 2, "change_message": "[]"}}, {"model": "admin.logentry", "pk": 5, "fields": {"action_time": "2017-05-19T00:39:19.482Z", "user": 5, "content_type": 14, "object_id": "1", "object_repr": "EquipmentCount object", "action_flag": 1, "change_message": "[{\"added\": {}}]"}}, {"model": "admin.logentry", "pk": 6, "fields": {"action_time": "2017-05-19T07:49:03.465Z", "user": 5, "content_type": 3, "object_id": "1", "object_repr": "active", "action_flag": 1, "change_message": "[{\"added\": {}}]"}}, {"model": "admin.logentry", "pk": 7, "fields": {"action_time": "2017-05-19T07:49:08.202Z", "user": 5, "content_type": 3, "object_id": "2", "object_repr": "idle", "action_flag": 1, "change_message": "[{\"added\": {}}]"}}, {"model": "admin.logentry", "pk": 8, "fields": {"action_time": "2017-05-19T07:51:28.833Z", "user": 5, "content_type": 4, "object_id": "1", "object_repr": "1234: (active), SRID=4326;POINT (-117.0382 32.51489999999998)", "action_flag": 1, "change_message": "[{\"added\": {}}]"}}, {"model": "admin.logentry", "pk": 9, "fields": {"action_time": "2017-05-19T07:51:54.768Z", "user": 5, "content_type": 4, "object_id": "2", "object_repr": "12345: (active), SRID=4326;POINT (-117.0382 32.51489999999998)", "action_flag": 1, "change_message": "[{\"added\": {}}]"}}, {"model": "admin.logentry", "pk": 10, "fields": {"action_time": "2017-05-24T23:15:54.056Z", "user": 5, "content_type": 4, "object_id": "2", "object_repr": "12345", "action_flag": 2, "change_message": "[]"}}, {"model": "admin.logentry", "pk": 11, "fields": {"action_time": "2017-05-24T23:17:11.245Z", "user": 5, "content_type": 17, "object_id": "2", "object_repr": "Ambulance: 1234 at SRID=4326;POINT (-127 52.99999999999999)", "action_flag": 2, "change_message": "[{\"changed\": {\"fields\": [\"timestamp\"]}}]"}}, {"model": "admin.logentry", "pk": 12, "fields": {"action_time": "2017-05-24T23:17:34.498Z", "user": 5, "content_type": 17, "object_id": "1", "object_repr": "Ambulance: 12345 at SRID=4326;POINT (-127.0254058837891 52.97643926029979)", "action_flag": 2, "change_message": "[{\"changed\": {\"fields\": [\"location\", \"timestamp\"]}}]"}}, {"model": "admin.logentry", "pk": 13, "fields": {"action_time": "2017-05-24T23:18:43.094Z", "user": 5, "content_type": 17, "object_id": "2", "object_repr": "Ambulance: 1234 at SRID=4326;POINT (-112.9851837740167 32.00480814249418)", "action_flag": 2, "change_message": "[{\"changed\": {\"fields\": [\"location\"]}}]"}}, {"model": "admin.logentry", "pk": 14, "fields": {"action_time": "2017-05-24T23:19:01.685Z", "user": 5, "content_type": 17, "object_id": "1", "object_repr": "Ambulance: 12345 at SRID=4326;POINT (-112.435562133789 30.99834074618085)", "action_flag": 2, "change_message": "[{\"changed\": {\"fields\": [\"location\"]}}]"}}, {"model": "admin.logentry", "pk": 15, "fields": {"action_time": "2017-05-24T23:23:54.019Z", "user": 5, "content_type": 4, "object_id": "2", "object_repr": "12345", "action_flag": 3, "change_message": ""}}, {"model": "admin.logentry", "pk": 16, "fields": {"action_time": "2017-05-24T23:24:00.459Z", "user": 5, "content_type": 4, "object_id": "1", "object_repr": "1234", "action_flag": 3, "change_message": ""}}, {"model": "admin.logentry", "pk": 17, "fields": {"action_time": "2017-05-24T23:24:58.085Z", "user": 5, "content_type": 18, "object_id": "1", "object_repr": "cap_1", "action_flag": 1, "change_message": "[{\"added\": {}}]"}}, {"model": "admin.logentry", "pk": 18, "fields": {"action_time": "2017-05-24T23:25:12.587Z", "user": 5, "content_type": 4, "object_id": "3", "object_repr": "1", "action_flag": 1, "change_message": "[{\"added\": {}}]"}}, {"model": "admin.logentry", "pk": 19, "fields": {"action_time": "2017-05-24T23:25:39.450Z", "user": 5, "content_type": 18, "object_id": "2", "object_repr": "cap_2", "action_flag": 1, "change_message": "[{\"added\": {}}]"}}, {"model": "admin.logentry", "pk": 20, "fields": {"action_time": "2017-05-24T23:25:44.522Z", "user": 5, "content_type": 4, "object_id": "4", "object_repr": "2", "action_flag": 1, "change_message": "[{\"added\": {}}]"}}, {"model": "admin.logentry", "pk": 21, "fields": {"action_time": "2017-05-24T23:26:25.930Z", "user": 5, "content_type": 18, "object_id": "3", "object_repr": "cap_3", "action_flag": 1, "change_message": "[{\"added\": {}}]"}}, {"model": "admin.logentry", "pk": 22, "fields": {"action_time": "2017-05-24T23:26:29.231Z", "user": 5, "content_type": 4, "object_id": "5", "object_repr": "3", "action_flag": 1, "change_message": "[{\"added\": {}}]"}}, {"model": "admin.logentry", "pk": 23, "fields": {"action_time": "2017-05-24T23:27:00.307Z", "user": 5, "content_type": 18, "object_id": "4", "object_repr": "cap_4", "action_flag": 1, "change_message": "[{\"added\": {}}]"}}, {"model": "admin.logentry", "pk": 24, "fields": {"action_time": "2017-05-24T23:27:03.398Z", "user": 5, "content_type": 4, "object_id": "6", "object_repr": "4", "action_flag": 1, "change_message": "[{\"added\": {}}]"}}, {"model": "admin.logentry", "pk": 25, "fields": {"action_time": "2017-05-24T23:27:41.502Z", "user": 5, "content_type": 18, "object_id": "5", "object_repr": "cap_5", "action_flag": 1, "change_message": "[{\"added\": {}}]"}}, {"model": "admin.logentry", "pk": 26, "fields": {"action_time": "2017-05-24T23:27:46.783Z", "user": 5, "content_type": 4, "object_id": "7", "object_repr": "5", "action_flag": 1, "change_message": "[{\"added\": {}}]"}}, {"model": "admin.logentry", "pk": 27, "fields": {"action_time": "2017-05-24T23:28:03.351Z", "user": 5, "content_type": 3, "object_id": "3", "object_repr": "out of service", "action_flag": 1, "change_message": "[{\"added\": {}}]"}}, {"model": "admin.logentry", "pk": 28, "fields": {"action_time": "2017-05-24T23:28:16.259Z", "user": 5, "content_type": 4, "object_id": "8", "object_repr": "6", "action_flag": 1, "change_message": "[{\"added\": {}}]"}}, {"model": "admin.logentry", "pk": 29, "fields": {"action_time": "2017-05-24T23:28:37.302Z", "user": 5, "content_type": 4, "object_id": "9", "object_repr": "7", "action_flag": 1, "change_message": "[{\"added\": {}}]"}}, {"model": "admin.logentry", "pk": 30, "fields": {"action_time": "2017-05-24T23:29:17.781Z", "user": 5, "content_type": 4, "object_id": "10", "object_repr": "8", "action_flag": 1, "change_message": "[{\"added\": {}}]"}}, {"model": "admin.logentry", "pk": 31, "fields": {"action_time": "2017-05-24T23:30:17.985Z", "user": 5, "content_type": 17, "object_id": "3", "object_repr": "Ambulance: 1 at SRID=4326;POINT (-117.0382 32.51489999999998)", "action_flag": 1, "change_message": "[{\"added\": {}}]"}}, {"model": "admin.logentry", "pk": 32, "fields": {"action_time": "2017-05-24T23:30:42.647Z", "user": 5, "content_type": 17, "object_id": "4", "object_repr": "Ambulance: 2 at SRID=4326;POINT (-116.3068207030463 32.08013149958976)", "action_flag": 1, "change_message": "[{\"added\": {}}]"}}, {"model": "admin.logentry", "pk": 33, "fields": {"action_time": "2017-05-24T23:31:39.016Z", "user": 5, "content_type": 17, "object_id": "5", "object_repr": "Ambulance: 2 at SRID=4326;POINT (-116.6940000949257 32.24999893044478)", "action_flag": 1, "change_message": "[{\"added\": {}}]"}}, {"model": "admin.logentry", "pk": 34, "fields": {"action_time": "2017-05-24T23:32:14.342Z", "user": 5, "content_type": 17, "object_id": "6", "object_repr": "Ambulance: 3 at SRID=4326;POINT (-116.7822805835998 32.73884111635785)", "action_flag": 1, "change_message": "[{\"added\": {}}]"}}, {"model": "admin.logentry", "pk": 35, "fields": {"action_time": "2017-05-24T23:32:41.964Z", "user": 5, "content_type": 17, "object_id": "7", "object_repr": "Ambulance: 5 at SRID=4326;POINT (-116.8343189368516 32.13448825706728)", "action_flag": 1, "change_message": "[{\"added\": {}}]"}}, {"model": "admin.logentry", "pk": 36, "fields": {"action_time": "2017-05-24T23:33:12.625Z", "user": 5, "content_type": 17, "object_id": "8", "object_repr": "Ambulance: 6 at SRID=4326;POINT (-116.90257490433 32.43627038382827)", "action_flag": 1, "change_message": "[{\"added\": {}}]"}}, {"model": "admin.logentry", "pk": 37, "fields": {"action_time": "2017-05-24T23:33:29.463Z", "user": 5, "content_type": 17, "object_id": "9", "object_repr": "Ambulance: 7 at SRID=4326;POINT (-117.0103062375525 32.56325759444902)", "action_flag": 1, "change_message": "[{\"added\": {}}]"}}, {"model": "admin.logentry", "pk": 38, "fields": {"action_time": "2017-05-24T23:33:49.577Z", "user": 5, "content_type": 17, "object_id": "10", "object_repr": "Ambulance: 8 at SRID=4326;POINT (-117.0464953160465 32.66697235060918)", "action_flag": 1, "change_message": "[{\"added\": {}}]"}}, {"model": "admin.logentry", "pk": 39, "fields": {"action_time": "2017-05-24T23:34:44.372Z", "user": 5, "content_type": 1, "object_id": "1", "object_repr": "(A): 3, 4", "action_flag": 2, "change_message": "[{\"changed\": {\"fields\": [\"name\", \"residential_unit\", \"stmain_number\", \"delegation\"]}}]"}}, {"model": "admin.logentry", "pk": 40, "fields": {"action_time": "2017-05-24T23:39:47.240Z", "user": 5, "content_type": 17, "object_id": "4", "object_repr": "Ambulance: 4 at SRID=4326;POINT (-116.3068207030463 32.08013149958975)", "action_flag": 2, "change_message": "[{\"changed\": {\"fields\": [\"ambulance\"]}}]"}}, {"model": "admin.logentry", "pk": 41, "fields": {"action_time": "2017-05-24T23:41:55.580Z", "user": 5, "content_type": 13, "object_id": "3", "object_repr": "private", "action_flag": 1, "change_message": "[{\"added\": {}}]"}}, {"model": "admin.logentry", "pk": 42, "fields": {"action_time": "2017-05-24T23:42:03.900Z", "user": 5, "content_type": 12, "object_id": "2", "object_repr": "bed", "action_flag": 1, "change_message": "[{\"added\": {}}]"}}, {"model": "admin.logentry", "pk": 43, "fields": {"action_time": "2017-05-24T23:42:09.202Z", "user": 5, "content_type": 14, "object_id": "2", "object_repr": "Hospital: private, Equipment: bed, Count: 2", "action_flag": 1, "change_message": "[{\"added\": {}}]"}}, {"model": "admin.logentry", "pk": 44, "fields": {"action_time": "2017-05-24T23:42:54.104Z", "user": 5, "content_type": 12, "object_id": "3", "object_repr": "mri", "action_flag": 1, "change_message": "[{\"added\": {}}]"}}, {"model": "admin.logentry", "pk": 45, "fields": {"action_time": "2017-05-24T23:43:03.908Z", "user": 5, "content_type": 14, "object_id": "3", "object_repr": "Hospital: test, Equipment: mri, Count: 7", "action_flag": 1, "change_message": "[{\"added\": {}}]"}}, {"model": "admin.logentry", "pk": 46, "fields": {"action_time": "2017-05-24T23:43:48.509Z", "user": 5, "content_type": 12, "object_id": "4", "object_repr": "syringe", "action_flag": 1, "change_message": "[{\"added\": {}}]"}}, {"model": "admin.logentry", "pk": 47, "fields": {"action_time": "2017-05-24T23:43:53.713Z", "user": 5, "content_type": 14, "object_id": "4", "object_repr": "Hospital: general, Equipment: syringe, Count: 1000", "action_flag": 1, "change_message": "[{\"added\": {}}]"}}, {"model": "admin.logentry", "pk": 48, "fields": {"action_time": "2017-05-24T23:44:25.420Z", "user": 5, "content_type": 2, "object_id": "1", "object_repr": "Region_1", "action_flag": 1, "change_message": "[{\"added\": {}}]"}}, {"model": "admin.logentry", "pk": 49, "fields": {"action_time": "2017-05-24T23:44:41.992Z", "user": 5, "content_type": 2, "object_id": "2", "object_repr": "Region_2", "action_flag": 1, "change_message": "[{\"added\": {}}]"}}, {"model": "admin.logentry", "pk": 50, "fields": {"action_time": "2017-05-24T23:45:45.969Z", "user": 5, "content_type": 8, "object_id": "1", "object_repr": "Driver", "action_flag": 1, "change_message": "[{\"added\": {}}]"}}, {"model": "admin.logentry", "pk": 51, "fields": {"action_time": "2017-05-24T23:46:03.143Z", "user": 5, "content_type": 8, "object_id": "2", "object_repr": "Dispatcher", "action_flag": 1, "change_message": "[{\"added\": {}}]"}}, {"model": "admin.logentry", "pk": 52, "fields": {"action_time": "2017-05-24T23:46:33.821Z", "user": 5, "content_type": 8, "object_id": "3", "object_repr": "Hospital Staff", "action_flag": 1, "change_message": "[{\"added\": {}}]"}}, {"model": "admin.logentry", "pk": 53, "fields": {"action_time": "2017-05-24T23:46:47.288Z", "user": 5, "content_type": 8, "object_id": "4", "object_repr": "Admin", "action_flag": 1, "change_message": "[{\"added\": {}}]"}}, {"model": "admin.logentry", "pk": 54, "fields": {"action_time": "2017-05-24T23:47:35.965Z", "user": 5, "content_type": 7, "object_id": "4", "object_repr": "ash@ash.com", "action_flag": 3, "change_message": ""}}, {"model": "admin.logentry", "pk": 55, "fields": {"action_time": "2017-05-24T23:47:35.976Z", "user": 5, "content_type": 7, "object_id": "1", "object_repr": "ashizhao@gmail.com", "action_flag": 3, "change_message": ""}}, {"model": "admin.logentry", "pk": 56, "fields": {"action_time": "2017-05-24T23:47:35.979Z", "user": 5, "content_type": 7, "object_id": "3", "object_repr": "test@test.com", "action_flag": 3, "change_message": ""}}, {"model": "admin.logentry", "pk": 57, "fields": {"action_time": "2017-05-24T23:47:35.981Z", "user": 5, "content_type": 7, "object_id": "2", "object_repr": "xhfamily@yahoo.com", "action_flag": 3, "change_message": ""}}, {"model": "admin.logentry", "pk": 58, "fields": {"action_time": "2017-05-24T23:48:19.123Z", "user": 5, "content_type": 7, "object_id": "6", "object_repr": "test", "action_flag": 1, "change_message": "[{\"added\": {}}]"}}, {"model": "admin.logentry", "pk": 59, "fields": {"action_time": "2017-05-24T23:48:51.240Z", "user": 5, "content_type": 7, "object_id": "6", "object_repr": "test", "action_flag": 2, "change_message": "[{\"changed\": {\"fields\": [\"first_name\", \"last_name\", \"email\", \"last_login\"]}}]"}}, {"model": "admin.logentry", "pk": 60, "fields": {"action_time": "2017-05-24T23:49:33.219Z", "user": 5, "content_type": 7, "object_id": "7", "object_repr": "driver", "action_flag": 1, "change_message": "[{\"added\": {}}]"}}, {"model": "admin.logentry", "pk": 61, "fields": {"action_time": "2017-05-24T23:50:21.895Z", "user": 5, "content_type": 7, "object_id": "7", "object_repr": "driver", "action_flag": 2, "change_message": "[{\"changed\": {\"fields\": [\"first_name\", \"last_name\", \"email\", \"last_login\"]}}]"}}, {"model": "admin.logentry", "pk": 62, "fields": {"action_time": "2017-05-25T00:10:50.646Z", "user": 5, "content_type": 17, "object_id": "11", "object_repr": "Ambulance: 1 at SRID=4326;POINT (-117.0382 32.51489999999998)", "action_flag": 1, "change_message": "[{\"added\": {}}]"}}, {"model": "admin.logentry", "pk": 63, "fields": {"action_time": "2017-05-25T00:14:21.325Z", "user": 5, "content_type": 17, "object_id": "12", "object_repr": "Ambulance: 2 at SRID=4326;POINT (-117.1010280639648 32.46769789452282)", "action_flag": 1, "change_message": "[{\"added\": {}}]"}}, {"model": "admin.logentry", "pk": 64, "fields": {"action_time": "2017-05-25T00:14:35.459Z", "user": 5, "content_type": 17, "object_id": "13", "object_repr": "Ambulance: 3 at SRID=4326;POINT (-117.0373416931153 32.41293562638221)", "action_flag": 1, "change_message": "[{\"added\": {}}]"}}, {"model": "admin.logentry", "pk": 65, "fields": {"action_time": "2017-05-25T00:14:55.462Z", "user": 5, "content_type": 17, "object_id": "14", "object_repr": "Ambulance: 4 at SRID=4326;POINT (-116.8630035838786 32.45723758195383)", "action_flag": 1, "change_message": "[{\"added\": {}}]"}}, {"model": "admin.logentry", "pk": 66, "fields": {"action_time": "2017-05-25T00:15:08.888Z", "user": 5, "content_type": 17, "object_id": "15", "object_repr": "Ambulance: 5 at SRID=4326;POINT (-116.9332724941048 32.58406063923691)", "action_flag": 1, "change_message": "[{\"added\": {}}]"}}, {"model": "admin.logentry", "pk": 67, "fields": {"action_time": "2017-05-25T00:15:19.021Z", "user": 5, "content_type": 17, "object_id": "16", "object_repr": "Ambulance: 6 at SRID=4326;POINT (-117.1102977783203 32.46161484112572)", "action_flag": 1, "change_message": "[{\"added\": {}}]"}}, {"model": "admin.logentry", "pk": 68, "fields": {"action_time": "2017-05-25T00:15:27.953Z", "user": 5, "content_type": 17, "object_id": "17", "object_repr": "Ambulance: 7 at SRID=4326;POINT (-117.1013713867188 32.58898335076484)", "action_flag": 1, "change_message": "[{\"added\": {}}]"}}, {"model": "admin.logentry", "pk": 69, "fields": {"action_time": "2017-05-25T00:15:42.684Z", "user": 5, "content_type": 17, "object_id": "18", "object_repr": "Ambulance: 8 at SRID=4326;POINT (-117.0382 32.51489999999998)", "action_flag": 1, "change_message": "[{\"added\": {}}]"}}, {"model": "ambulances.locationpoint", "pk": 11, "fields": {"location": "SRID=4326;POINT (-117.0382 32.51489999999998)", "ambulance": 3, "user": 5, "timestamp": "2017-05-25T00:10:00Z", "type": "Default Type"}}, {"model": "ambulances.locationpoint", "pk": 12, "fields": {"location": "SRID=4326;POINT (-117.1010280639648 32.46769789452282)", "ambulance": 4, "user": 5, "timestamp": "2017-05-25T00:14:00Z", "type": "Default Type"}}, {"model": "ambulances.locationpoint", "pk": 13, "fields": {"location": "SRID=4326;POINT (-117.0373416931153 32.41293562638221)", "ambulance": 5, "user": 5, "timestamp": "2017-05-25T00:14:00Z", "type": "Default Type"}}, {"model": "ambulances.locationpoint", "pk": 14, "fields": {"location": "SRID=4326;POINT (-116.8630035838786 32.45723758195383)", "ambulance": 6, "user": 5, "timestamp": "2017-05-25T00:14:00Z", "type": "Default Type"}}, {"model": "ambulances.locationpoint", "pk": 15, "fields": {"location": "SRID=4326;POINT (-116.9332724941048 32.58406063923691)", "ambulance": 7, "user": 5, "timestamp": "2017-05-25T00:15:00Z", "type": "Default Type"}}, {"model": "ambulances.locationpoint", "pk": 16, "fields": {"location": "SRID=4326;POINT (-117.1102977783203 32.46161484112572)", "ambulance": 8, "user": 5, "timestamp": "2017-05-25T00:15:00Z", "type": "Default Type"}}, {"model": "ambulances.locationpoint", "pk": 17, "fields": {"location": "SRID=4326;POINT (-117.1013713867188 32.58898335076484)", "ambulance": 9, "user": 5, "timestamp": "2017-05-25T00:15:00Z", "type": "Default Type"}}, {"model": "ambulances.locationpoint", "pk": 18, "fields": {"location": "SRID=4326;POINT (-117.0382 32.51489999999998)", "ambulance": 10, "user": 5, "timestamp": "2017-05-25T00:15:00Z", "type": "Default Type"}}]
