[{"model": "ambulances.status", "pk": 1, "fields": {"name": "In Service"}}, {"model": "ambulances.status", "pk": 2, "fields": {"name": "Available"}}, {"model": "ambulances.status", "pk": 3, "fields": {"name": "Out of service"}}, {"model": "ambulances.capability", "pk": 1, "fields": {"name": "cap_1"}}, {"model": "ambulances.capability", "pk": 2, "fields": {"name": "cap_2"}}, {"model": "ambulances.capability", "pk": 3, "fields": {"name": "cap_3"}}, {"model": "ambulances.capability", "pk": 4, "fields": {"name": "cap_4"}}, {"model": "ambulances.capability", "pk": 5, "fields": {"name": "cap_5"}}, {"model": "ambulances.ambulances", "pk": 11, "fields": {"license_plate": "AAA-111", "name": "Amb1", "status": 2, "orientation": 0.0, "priority": "High", "capability": 1}}, {"model": "ambulances.ambulances", "pk": 12, "fields": {"license_plate": "AAB-122", "name": "Amb2", "status": 1, "orientation": 200.0, "priority": "High", "capability": 2}}, {"model": "ambulances.ambulances", "pk": 13, "fields": {"license_plate": "ABC-145", "name": "Amb3", "status": 1, "orientation": 30.0, "priority": "High", "capability": 1}}, {"model": "ambulances.ambulances", "pk": 14, "fields": {"license_plate": "ABE-145", "name": "Amb4", "status": 3, "orientation": 0.0, "priority": "High", "capability": 3}}, {"model": "ambulances.ambulances", "pk": 15, "fields": {"license_plate": "ACF-156", "name": "Amb5", "status": 1, "orientation": 80.0, "priority": "Low", "capability": 4}}, {"model": "ambulances.ambulances", "pk": 16, "fields": {"license_plate": "AEG-189", "name": "Amb6", "status": 3, "orientation": 30.0, "priority": "High", "capability": 2}}, {"model": "ambulances.ambulances", "pk": 17, "fields": {"license_plate": "ABC-111", "name": "Amb7", "status": 2, "orientation": 300.0, "priority": "High", "capability": 1}}, {"model": "ambulances.ambulances", "pk": 18, "fields": {"license_plate": "AHC-472", "name": "Amb8", "status": 1, "orientation": 90.0, "priority": "High", "capability": 5}}, {"model": "ambulances.ambulances", "pk": 19, "fields": {"license_plate": "ABU-192", "name": "Amb9", "status": 1, "orientation": 0.0, "priority": "High", "capability": 1}}, {"model": "ambulances.call", "pk": 5, "fields": {"active": true, "status": "On Route", "ambulance": 11, "name": "Call1", "residential_unit": "4142 Somewhere", "stmain_number": "Some number", "delegation": "Delegation1", "zipcode": "22500", "city": "Tijuana", "state": "Baja California", "location": "SRID=4326;POINT (-117.0265270263672 32.51634752580689)", "assignment": "Assign1", "description": "Desc1", "call_time": "2017-06-06T00:15:09Z", "departure_time": null, "transfer_time": null, "hospital_time": null, "base_time": null, "priority": "A"}}, {"model": "ambulances.call", "pk": 6, "fields": {"active": false, "status": "Stalled", "ambulance": 11, "name": "Call2", "residential_unit": "Res Unit2", "stmain_number": "Stmain Num2", "delegation": "Delegation2", "zipcode": "22500", "city": "Tijuana", "state": "Baja California", "location": "SRID=4326;POINT (-117.0382 32.51489999999998)", "assignment": "Assign2", "description": "None", "call_time": "2017-06-06T00:16:03Z", "departure_time": null, "transfer_time": null, "hospital_time": null, "base_time": null, "priority": "A"}}, {"model": "ambulances.call", "pk": 7, "fields": {"active": true, "status": "Going", "ambulance": 11, "name": "Call3", "residential_unit": "Res Unit3", "stmain_number": "Stmain Num3", "delegation": "None", "zipcode": "22500", "city": "Tijuana", "state": "Baja California", "location": "SRID=4326;POINT (-117.0684124023438 32.51142584295279)", "assignment": "None", "description": "None", "call_time": "2017-06-06T00:16:40Z", "departure_time": null, "transfer_time": null, "hospital_time": null, "base_time": null, "priority": "A"}}, {"model": "ambulances.call", "pk": 8, "fields": {"active": true, "status": "At hospital", "ambulance": 11, "name": "Call4", "residential_unit": "Res Unit4", "stmain_number": "Stmain Num4", "delegation": "None", "zipcode": "22500", "city": "Tijuana", "state": "Baja California", "location": "SRID=4326;POINT (-117.0382 32.51489999999998)", "assignment": "Assign4", "description": "None", "call_time": "2017-06-06T00:17:13Z", "departure_time": null, "transfer_time": null, "hospital_time": null, "base_time": null, "priority": "B"}}, {"model": "ambulances.region", "pk": 1, "fields": {"name": "Region_1", "center": "SRID=4326;POINT (0.06278114324190373 0.03701381426788061)"}}, {"model": "ambulances.region", "pk": 2, "fields": {"name": "Region_2", "center": "SRID=4326;POINT (-0.1226879281048728 0.05811322531475857)"}}, {"model": "ambulances.hospital", "pk": 1, "fields": {"name": "general", "address": "123"}}, {"model": "ambulances.hospital", "pk": 2, "fields": {"name": "test", "address": "1234"}}, {"model": "ambulances.hospital", "pk": 3, "fields": {"name": "private", "address": "12345"}}, {"model": "ambulances.equipment", "pk": 1, "fields": {"name": "xray", "toggleable": true}}, {"model": "ambulances.equipment", "pk": 2, "fields": {"name": "bed", "toggleable": true}}, {"model": "ambulances.equipment", "pk": 3, "fields": {"name": "mri", "toggleable": true}}, {"model": "ambulances.equipment", "pk": 4, "fields": {"name": "syringe", "toggleable": true}}, {"model": "ambulances.equipmentcount", "pk": 1, "fields": {"hospital": 1, "equipment": 1, "quantity": 55}}, {"model": "ambulances.equipmentcount", "pk": 2, "fields": {"hospital": 3, "equipment": 2, "quantity": 2}}, {"model": "ambulances.equipmentcount", "pk": 3, "fields": {"hospital": 2, "equipment": 3, "quantity": 7}}, {"model": "ambulances.equipmentcount", "pk": 4, "fields": {"hospital": 1, "equipment": 4, "quantity": 1000}}, {"model": "ambulances.locationpoint", "pk": 19, "fields": {"location": "SRID=4326;POINT (-117.0495296508789 32.51432098314991)", "ambulance": 11, "call": null, "user": 1, "timestamp": "2017-06-06T00:18:39Z", "type": "Default Type"}}, {"model": "ambulances.locationpoint", "pk": 20, "fields": {"location": "SRID=4326;POINT (-117.0436931640625 32.49405304385348)", "ambulance": 12, "call": null, "user": 1, "timestamp": "2017-06-06T00:21:38Z", "type": "Default Type"}}, {"model": "ambulances.locationpoint", "pk": 21, "fields": {"location": "SRID=4326;POINT (-117.0629192382812 32.48710298455253)", "ambulance": 13, "call": null, "user": 1, "timestamp": "2017-06-06T00:21:47Z", "type": "Default Type"}}, {"model": "ambulances.locationpoint", "pk": 22, "fields": {"location": "SRID=4326;POINT (-117.0917583496094 32.55223870637998)", "ambulance": 14, "call": null, "user": 1, "timestamp": "2017-06-06T00:22:05Z", "type": "Default Type"}}, {"model": "ambulances.locationpoint", "pk": 23, "fields": {"location": "SRID=4326;POINT (-117.0395732910156 32.52474271575256)", "ambulance": 15, "call": null, "user": 1, "timestamp": "2017-06-06T00:22:13Z", "type": "Default Type"}}, {"model": "ambulances.locationpoint", "pk": 24, "fields": {"location": "SRID=4326;POINT (-117.0615459472656 32.48681338709734)", "ambulance": 16, "call": null, "user": 1, "timestamp": "2017-06-06T00:22:23Z", "type": "Default Type"}}, {"model": "ambulances.locationpoint", "pk": 25, "fields": {"location": "SRID=4326;POINT (-117.0677257568359 32.4856549879562)", "ambulance": 17, "call": null, "user": 1, "timestamp": "2017-06-06T00:22:37Z", "type": "Default Type"}}, {"model": "ambulances.locationpoint", "pk": 26, "fields": {"location": "SRID=4326;POINT (-117.034423449707 32.48797177132582)", "ambulance": 18, "call": null, "user": 1, "timestamp": "2017-06-06T00:22:48Z", "type": "Default Type"}}, {"model": "ambulances.locationpoint", "pk": 27, "fields": {"location": "SRID=4326;POINT (-117.0419765502929 32.51489999999998)", "ambulance": 19, "call": null, "user": 1, "timestamp": "2017-06-06T00:22:56Z", "type": "Default Type"}}]